Status do pedido,Hot Listing,Cancelar Motivo,Status da Devolução / Reembolso,Opção de envio,Método de envio,Data prevista de envio,Tempo de Envio,Data de criação do pedido,Hora do pagamento do pedido,Nome do Produto,Nome da variação,Preço original,Preço acordado,Quantidade,Returned quantity,Subtotal do produto,Desconto do vendedor,Desconto do vendedor.1,Incentivo Shopee para ação comercial,Ajuste por participação em ação comercial,Peso total SKU,Número de produtos pedidos,Peso total do pedido,Cupom do vendedor,Coin Cashback Voucher Amount Sponsored by Seller,Cupom,Incentivo de cupom,Ajuste por pagamento via PIX,Indicador da Leve Mais por Menos,Desconto Shopee da Leve Mais por Menos,Desconto da Leve Mais por Menos do vendedor,Compensar Moedas Shopee,Total descontado Cartão de Crédito,Valor Total,Taxa de envio pagas pelo comprador,Taxa de Serviço Instantâneo pago pelo comprador,Desconto de Frete Aproximado,Taxa de Envio Reversa,Taxa de transação,Taxa de comissão bruta,Taxa de comissão líquida,Taxa de serviço bruta,Taxa de serviço líquida,Total global,Valor estimado do frete,Cidade,Cidade.1,UF,País,Hora completa do pedido,Nota,ID do pedido
Cancelado,N,Cancelado pelo comprador. Motivo : É necessário alterar o endereço de entrega,,Correios,,,,2026-02-02 22:54,-,Anel Serpente Ajustável,,52.9,52.9,1,0,52.9,0.0,0.0,0.0,0.0,0.04,1,0.04,0.0,0.0,0.0,,0.0,N,0.0,0.0,0,0.0,0.0,0.0,0.0,0.0,0.0,0.0,0.0,0.0,0.0,0.0,0.0,11.95,,São Paulo,São Paulo,BR,,,PEDIDO_0001
Cancelado,N,Cancelado automaticamente pelo sistema da Shopee. Motivo : O vendedor não enviou,,Correios,Postagem,2026-02-10 23:59,,2026-02-08 07:36,2026-02-08 07:36,Anel Cobra Ajustável Unissex Prata 925 Luxo Brilhante Promoção,,47.9,47.9,1,0,47.9,0.0,0.0,0.0,0.0,0.1,1,0.1,0.0,0.0,0.0,,0.0,N,0.0,0.0,0,0.0,0.0,0.0,0.0,0.0,0.0,0.0,0.0,0.0,0.0,0.0,0.0,11.95,,São Paulo,São Paulo,BR,,,PEDIDO_0002
Cancelado,N,Cancelado automaticamente pelo sistema da Shopee. Motivo : Pedido não pago,,Correios,,,,2026-02-11 12:00,-,Anel Cobra Ajustável Unissex Prata 925 Luxo Brilhante Promoção,,47.9,47.9,1,0,47.9,0.0,0.0,0.0,0.0,0.1,1,0.1,0.0,0.0,0.0,,0.0,N,0.0,0.0,0,0.0,0.0,0.0,0.0,0.0,0.0,0.0,0.0,0.0,0.0,0.0,0.0,27.15,,Erechim,Rio Grande do Sul,BR,,,PEDIDO_0003
Concluído,N,,,Correios,Postagem,2026-02-18 23:59,2026-02-19 13:15,2026-02-16 19:35,2026-02-16 19:36,Anel Cobra Ajustável Unissex Prata 925 Luxo Brilhante Promoção,,38.9,38.9,1,0,38.9,0.0,0.0,0.0,0.0,0.1,1,0.1,0.0,0.0,0.0,,0.0,N,0.0,0.0,0,0.0,41.94,3.04,0.0,20.0,0.0,0.0,4.67,4.67,4.78,4.78,41.94,23.04,,Rio de Janeiro,Rio de Janeiro,BR,2026-03-04 00:18,,PEDIDO_0004
Concluído,N,,,Correios,Postagem,2026-02-25 13:45,2026-02-19 13:15,2026-02-18 13:45,2026-02-18 13:45,Anel Cobra Ajustável Unissex Prata 925 Luxo Brilhante Promoção,,38.9,38.9,1,0,38.9,0.0,0.0,0.0,0.0,0.1,1,0.1,0.0,0.0,0.0,,0.0,N,0.0,0.0,0,0.0,41.94,3.04,0.0,20.0,0.0,0.0,4.67,4.67,4.78,4.78,41.94,23.04,,Curitiba,Paraná,BR,2026-03-01 10:35,,PEDIDO_0005
Concluído,N,,,Correios,Postagem,2026-02-26 13:33,2026-02-19 16:08,2026-02-19 13:32,2026-02-19 13:33,Anel Cobra Ajustável Unissex Prata 925 Luxo Brilhante Promoção,,47.9,47.9,1,0,47.9,0.0,0.0,0.0,0.0,0.1,1,0.1,0.0,0.0,0.0,,0.0,N,0.0,0.0,0,0.0,47.9,0.0,0.0,11.95,0.0,0.0,5.75,5.75,4.96,4.96,47.9,11.95,,Guarulhos,São Paulo,BR,2026-02-21 11:00,,PEDIDO_0006
Cancelado,N,Cancelado automaticamente pelo sistema da Shopee. Motivo : Pedido não pago,,Shopee Xpress CPF,,,,2026-02-24 20:26,-,Anel Cobra Ajustável Unissex Prata 925 Luxo Brilhante Promoção,,47.9,47.9,1,0,47.9,0.0,0.0,0.0,0.0,0.12,1,0.12,0.0,0.0,0.0,,0.0,N,0.0,0.0,0,0.0,0.0,0.0,0.0,0.0,0.0,0.0,0.0,0.0,0.0,0.0,0.0,25.07,,Paraibano,Maranhão,BR,,,PEDIDO_0007
Concluído,N,,,Shopee Xpress CPF,Postagem,2026-02-26 23:59,2026-02-25 20:31,2026-02-25 19:03,2026-02-25 19:03,Anel Cobra Ajustável Unissex Prata 925 Luxo Brilhante Promoção,,57.9,57.9,1,0,57.9,0.0,0.0,0.0,0.0,0.12,1,0.12,0.0,0.0,0.0,,0.0,N,0.0,0.0,0,0.0,57.9,0.0,0.0,7.18,0.0,0.0,6.95,6.95,5.16,5.16,57.9,7.18,,São Paulo,São Paulo,BR,2026-03-06 14:11,,PEDIDO_0008
Concluído,N,,,Shopee Xpress CPF,Postagem,2026-03-03 23:59,2026-03-02 18:28,2026-03-01 14:36,2026-03-01 14:36,Anel Cobra Olho Preto Feminino Prata 925 Regulável Antialérgico Com Zirconias Brilhante Elegante Tendência Presente,,57.9,57.9,1,0,57.9,0.0,0.0,0.0,0.0,0.12,1,0.12,0.0,0.0,0.0,,0.0,N,0.0,0.0,0,0.0,57.9,0.0,0.0,18.11,0.0,0.0,10.42,10.42,5.16,5.16,57.9,18.11,,Itumbiara,Goiás,BR,2026-03-06 00:49,,PEDIDO_0009
Concluído,N,,,Shopee Xpress CPF,,2026-03-09 23:59,2026-03-06 14:00,2026-03-06 13:18,2026-03-06 13:18,Colar Feminino Prata Delicado com Pedras Azuis | Semi Joia 50 Milésimos,,59.88,47.91,1,0,47.91,11.97,11.97,0.0,0.0,0.01,1,0.01,0.0,0.0,0.0,,0.0,N,0.0,0.0,146,0.0,57.53,9.62,0.0,0.0,0.0,0.0,8.62,8.62,4.96,4.96,56.07,9.62,,Rio Claro,São Paulo,BR,2026-03-10 21:30,,PEDIDO_0010
Concluído,N,,,Shopee Xpress CPF,Postagem,2026-03-10 23:59,2026-03-10 14:01,2026-03-08 22:31,2026-03-08 22:31,Anel Cobra Olho Preto Unissex Prata 925 Regulável Antialérgico Zirconias Elegante Tendência Presente,,57.9,57.9,1,0,57.9,0.0,0.0,0.0,0.0,0.12,1,0.12,0.0,0.0,0.0,,0.0,N,0.0,0.0,7,0.0,69.94,12.04,0.0,0.0,0.0,0.0,10.42,10.42,5.16,5.16,69.87,12.04,,Patos de Minas,Minas Gerais,BR,2026-03-13 11:55,,PEDIDO_0011
Concluído,N,,,Shopee Xpress CPF,Postagem,2026-03-12 23:59,2026-03-12 14:50,2026-03-12 01:04,2026-03-12 01:05,Anel Cobra Olho Preto Unissex Prata 925 Regulável Antialérgico Zirconias Elegante Tendência Presente,,65.9,65.9,1,0,65.9,0.0,0.0,0.0,0.0,0.12,1,0.12,0.0,0.0,0.0,,0.0,N,0.0,0.0,3,0.0,65.9,0.0,0.0,18.11,0.0,0.0,11.86,11.86,5.32,5.32,71.27,18.11,,Entre Rios,Bahia,BR,2026-03-17 13:53,,PEDIDO_0012
Concluído,N,,,Shopee Xpress CPF,Postagem,2026-03-13 23:59,2026-03-13 13:35,2026-03-12 21:23,2026-03-12 21:23,Anel Cobra Olho Preto Unissex Prata 925 Regulável Antialérgico Zirconias Elegante Tendência Presente,,65.9,65.9,1,0,65.9,0.0,0.0,0.0,0.0,0.12,1,0.12,0.0,0.0,0.0,,0.0,N,0.0,0.0,0,0.0,65.9,0.0,0.0,9.62,0.0,0.0,11.86,11.86,5.32,5.32,72.36,9.62,,Porto Alegre,Rio Grande do Sul,BR,2026-03-17 12:13,,PEDIDO_0013
Concluído,N,,,Shopee Xpress CPF,Postagem,2026-03-13 23:59,2026-03-13 13:34,2026-03-12 22:37,2026-03-12 22:39,Anel Cobra Olho Preto Unissex Prata 925 Regulável Antialérgico Zirconias Elegante Tendência Presente,,65.9,65.9,1,0,65.9,0.0,0.0,0.0,0.0,0.12,1,0.12,0.0,0.0,0.0,,0.0,N,0.0,0.0,0,0.0,65.9,0.0,0.0,9.62,0.0,0.0,11.86,11.86,5.32,5.32,65.9,9.62,,Brasília,Distrito Federal,BR,2026-03-17 16:50,,PEDIDO_0014
Concluído,N,,,Shopee Xpress CPF,Postagem,2026-03-13 23:59,2026-03-13 13:35,2026-03-13 08:52,2026-03-13 08:54,Anel Cobra Olho Preto Unissex Prata 925 Regulável Antialérgico Zirconias Elegante Tendência Presente,,65.9,65.9,1,0,65.9,0.0,0.0,0.0,0.0,0.12,1,0.12,0.0,0.0,0.0,,0.0,N,0.0,0.0,0,0.0,65.9,0.0,0.0,10.83,0.0,0.0,11.86,11.86,5.32,5.32,65.9,10.83,,Chapecó,Santa Catarina,BR,2026-03-18 12:48,,PEDIDO_0015
Concluído,N,,,Shopee Xpress CPF,Postagem,2026-03-19 23:59,2026-03-19 18:30,2026-03-18 19:47,2026-03-18 19:47,Anel Cobra Olho Preto Unissex Prata 925 Regulável Antialérgico Zirconias Elegante Tendência Presente,,65.9,65.9,1,0,65.9,0.0,0.0,0.0,0.0,0.12,1,0.12,0.0,0.0,0.0,,0.0,N,0.0,0.0,0,0.0,70.71,4.81,0.0,4.81,0.0,0.0,11.86,11.86,5.32,5.32,70.71,9.62,,Porto Alegre,Rio Grande do Sul,BR,2026-03-22 18:05,,PEDIDO_0016
Concluído,N,,,Shopee Xpress CPF,Postagem,2026-03-27 23:59,2026-03-26 17:48,2026-03-26 11:11,2026-03-26 11:11,Anel Cobra Olho Preto Unissex Prata 925 Regulável Antialérgico Zirconias Elegante Tendência Presente,,65.9,65.9,1,0,65.9,0.0,0.0,0.0,0.0,0.12,1,0.12,0.0,0.0,0.0,,0.0,N,0.0,0.0,29,0.0,70.71,4.81,0.0,4.81,0.0,0.0,11.86,11.86,5.32,5.32,70.42,9.62,,Curitiba,Paraná,BR,2026-03-28 20:12,,PEDIDO_0017
Concluído,N,,,Shopee Xpress CPF,Postagem,2026-03-27 23:59,2026-03-27 18:51,2026-03-27 10:47,2026-03-27 10:49,Anel Cobra Olho Preto Unissex Prata 925 Regulável Antialérgico Zirconias Elegante Tendência Presente,,65.9,65.9,1,0,65.9,0.0,0.0,0.0,0.0,0.12,1,0.12,0.0,0.0,20.0,,0.0,N,0.0,0.0,0,0.0,65.9,0.0,0.0,9.62,0.0,0.0,11.86,11.86,5.32,5.32,45.9,9.62,,Praia Grande,São Paulo,BR,2026-03-28 17:19,,PEDIDO_0018
Concluído,N,,,Shopee Xpress CPF,Postagem,2026-03-30 23:59,2026-03-30 13:51,2026-03-28 14:26,2026-03-28 14:26,Anel Cobra Olho Preto Unissex Prata 925 Regulável Antialérgico Zirconias Elegante Tendência Presente,,65.9,65.9,1,0,65.9,0.0,0.0,0.0,0.0,0.12,1,0.12,0.0,0.0,0.0,,0.0,N,0.0,0.0,10,0.0,69.77,3.87,0.0,20.0,0.0,0.0,11.86,11.86,5.32,5.32,69.67,23.87,,Ubajara,Ceará,BR,2026-04-11 16:13,,PEDIDO_0019
Concluído,N,,,Shopee Xpress CPF,Postagem,2026-03-31 23:59,2026-03-31 20:32,2026-03-30 17:14,2026-03-30 17:15,Anel Cobra Olho Preto Unissex Prata 925 Regulável Antialérgico Zirconias Elegante Tendência Presente,,65.9,65.9,1,0,65.9,0.0,0.0,0.0,0.0,0.12,1,0.12,0.0,0.0,0.0,,0.0,N,0.0,0.0,69,0.0,65.9,0.0,0.0,12.04,0.0,0.0,11.86,11.86,5.32,5.32,65.21,12.04,,Juiz de Fora,Minas Gerais,BR,2026-04-04 02:04,,PEDIDO_0020
Concluído,N,,,Shopee Xpress CPF,Postagem,2026-04-02 23:59,2026-04-02 13:06,2026-04-02 00:41,2026-04-02 00:41,Anel Cobra Olho Preto Unissex Prata 925 Regulável Antialérgico Zirconias Elegante Tendência Presente,,49.9,49.9,1,0,49.9,0.0,0.0,0.0,0.0,0.12,1,0.12,0.0,0.0,11.46,,0.0,N,0.0,0.0,43,0.0,49.9,0.0,0.0,9.62,0.0,0.0,8.98,8.98,5.0,5.0,38.01,9.62,,Palhoça,Santa Catarina,BR,2026-04-04 15:54,,PEDIDO_0021
Concluído,N,,,Shopee Xpress CPF,Postagem,2026-04-06 23:59,2026-04-06 18:42,2026-04-04 18:41,2026-04-04 18:42,Anel Cobra Olho Preto Unissex Prata 925 Regulável Antialérgico Zirconias Elegante Tendência Presente,,49.9,49.9,1,0,49.9,0.0,0.0,0.0,0.0,0.12,1,0.12,0.0,0.0,0.0,,0.0,N,0.0,0.0,5,0.0,49.9,0.0,0.0,10.83,0.0,0.0,8.98,8.98,5.0,5.0,49.85,10.83,,Getúlio Vargas,Rio Grande do Sul,BR,2026-04-10 19:05,,PEDIDO_0022
Concluído,N,,,Shopee Xpress CPF,Postagem,2026-04-07 23:59,2026-04-07 11:13,2026-04-07 00:58,2026-04-07 00:59,Anel Cobra Olho Preto Unissex Prata 925 Regulável Antialérgico Zirconias Elegante Tendência Presente,,49.9,49.9,1,0,49.9,0.0,0.0,0.0,0.0,0.12,1,0.12,0.0,0.0,0.0,,0.0,N,0.0,0.0,0,0.0,58.29,8.39,0.0,0.0,0.0,0.0,8.98,8.98,5.0,5.0,58.29,8.39,,Belo Horizonte,Minas Gerais,BR,2026-04-11 18:54,,PEDIDO_0023
Concluído,N,,,Shopee Xpress CPF,Postagem,2026-04-08 23:59,2026-04-08 12:56,2026-04-07 20:55,2026-04-07 20:57,Anel Cobra Olho Preto Unissex Prata 925 Regulável Antialérgico Zirconias Elegante Tendência Presente,,49.9,49.9,1,0,49.9,0.0,0.0,0.0,0.0,0.12,1,0.12,0.0,0.0,0.0,,0.0,N,0.0,0.0,0,0.0,49.9,0.0,0.0,7.18,0.0,0.0,8.98,8.98,5.0,5.0,49.9,7.18,,São Paulo,São Paulo,BR,2026-04-13 14:34,,PEDIDO_0024
Concluído,N,,,Shopee Xpress CPF,Postagem,2026-04-09 23:59,2026-04-09 12:52,2026-04-08 22:59,2026-04-08 23:02,Anel Cobra Olho Preto Unissex Prata 925 Regulável Antialérgico Zirconias Elegante Tendência Presente,,49.9,49.9,1,0,49.9,0.0,0.0,0.0,0.0,0.12,1,0.12,0.0,0.0,0.0,,0.0,N,0.0,0.0,0,0.0,49.9,0.0,0.0,9.62,0.0,0.0,8.98,8.98,5.0,5.0,49.9,9.62,,Borrazópolis,Paraná,BR,2026-04-19 13:08,,PEDIDO_0025
Concluído,N,,,Shopee Xpress CPF,Postagem,2026-04-13 23:59,2026-04-10 14:53,2026-04-10 14:09,2026-04-10 14:09,Anel Cobra Olho Preto Unissex Prata 925 Regulável Antialérgico Zirconias Elegante Tendência Presente,,49.9,49.9,1,0,49.9,0.0,0.0,0.0,0.0,0.12,1,0.12,0.0,0.0,0.0,,0.0,N,0.0,0.0,5,0.0,49.9,0.0,0.0,9.62,0.0,0.0,8.98,8.98,5.0,5.0,49.85,9.62,,Sertanópolis,Paraná,BR,2026-04-14 16:49,,PEDIDO_0026
Concluído,N,,,Shopee Xpress CPF,Postagem,2026-04-13 23:59,2026-04-10 18:43,2026-04-10 18:10,2026-04-10 18:11,Anel Cobra Olho Preto Unissex Prata 925 Regulável Antialérgico Zirconias Elegante Tendência Presente,,49.9,49.9,1,0,49.9,0.0,0.0,0.0,0.0,0.12,1,0.12,0.0,0.0,0.0,,0.0,N,0.0,0.0,0,0.0,49.9,0.0,0.0,7.18,0.0,0.0,8.98,8.98,5.0,5.0,49.9,7.18,,Itaquaquecetuba,São Paulo,BR,2026-04-14 15:17,,PEDIDO_0027
Concluído,N,,,Shopee Xpress CPF,Postagem,2026-04-13 23:59,2026-04-11 10:54,2026-04-10 21:39,2026-04-10 21:39,Anel Cobra Olho Preto Unissex Prata 925 Regulável Antialérgico Zirconias Elegante Tendência Presente,,49.9,49.9,1,0,49.9,0.0,0.0,0.0,0.0,0.12,1,0.12,0.0,0.0,0.0,,0.0,N,0.0,0.0,0,0.0,49.9,0.0,0.0,18.11,0.0,0.0,8.98,8.98,5.0,5.0,49.9,18.11,,Caldas Novas,Goiás,BR,2026-04-16 15:12,,PEDIDO_0028
Concluído,N,,,Shopee Xpress CPF,Postagem,2026-04-13 23:59,2026-04-11 10:54,2026-04-10 21:44,2026-04-10 21:45,Anel Cobra Olho Preto Unissex Prata 925 Regulável Antialérgico Zirconias Elegante Tendência Presente,,49.9,49.9,1,0,49.9,0.0,0.0,0.0,0.0,0.12,1,0.12,0.0,0.0,0.0,,0.0,N,0.0,0.0,75,0.0,49.9,0.0,0.0,12.04,0.0,0.0,8.98,8.98,5.0,5.0,49.15,12.04,,Teresina,Piauí,BR,2026-04-20 22:26,,PEDIDO_0029
Concluído,N,,,Shopee Xpress CPF,Postagem,2026-04-13 23:59,2026-04-13 12:38,2026-04-11 10:38,2026-04-11 10:38,Anel Cobra Olho Preto Unissex Prata 925 Regulável Antialérgico Zirconias Elegante Tendência Presente,,49.9,49.9,1,0,49.9,0.0,0.0,0.0,0.0,0.12,1,0.12,0.0,0.0,0.0,,0.0,N,0.0,0.0,0,0.0,49.9,0.0,0.0,12.04,0.0,0.0,8.98,8.98,5.0,5.0,49.9,12.04,,Tocantins,Minas Gerais,BR,2026-04-23 13:25,,PEDIDO_0030
Concluído,N,,,Shopee Xpress CPF,Postagem,2026-04-14 23:59,2026-04-13 12:38,2026-04-13 11:03,2026-04-13 11:03,Anel Cobra Olho Preto Unissex Prata 925 Regulável Antialérgico Zirconias Elegante Tendência Presente,,49.9,49.9,1,0,49.9,0.0,0.0,0.0,0.0,0.12,1,0.12,0.0,0.0,0.0,,0.0,N,0.0,0.0,0,0.0,49.9,0.0,0.0,10.83,0.0,0.0,8.98,8.98,5.0,5.0,49.9,10.83,,Vitória,Espírito Santo,BR,2026-04-16 13:37,,PEDIDO_0031
Concluído,N,,,Shopee Xpress CPF,Postagem,2026-04-14 23:59,2026-04-14 13:39,2026-04-13 13:23,2026-04-13 13:24,Anel Cobra Olho Preto Unissex Prata 925 Regulável Antialérgico Zirconias Elegante Tendência Presente,,49.9,49.9,1,0,49.9,0.0,0.0,0.0,0.0,0.12,1,0.12,0.0,0.0,0.0,,0.0,N,0.0,0.0,0,0.0,49.9,0.0,0.0,10.83,0.0,0.0,8.98,8.98,5.0,5.0,49.9,10.83,,Salvador,Bahia,BR,2026-04-25 12:05,,PEDIDO_0032
Concluído,N,,,Shopee Xpress CPF,Postagem,2026-04-14 23:59,2026-04-14 13:39,2026-04-13 19:40,2026-04-13 19:41,Anel Cobra Olho Preto Unissex Prata 925 Regulável Antialérgico Zirconias Elegante Tendência Presente,,49.9,49.9,1,0,49.9,0.0,0.0,0.0,0.0,0.12,1,0.12,0.0,0.0,0.0,,0.0,N,0.0,0.0,0,0.0,49.9,0.0,0.0,8.39,0.0,0.0,8.98,8.98,5.0,5.0,49.9,8.39,,Duque de Caxias,Rio de Janeiro,BR,2026-04-18 16:45,,PEDIDO_0033
Concluído,N,,,Shopee Xpress CPF,Postagem,2026-04-15 23:59,2026-04-15 14:15,2026-04-15 02:21,2026-04-15 02:21,Anel Cobra Olho Preto Unissex Prata 925 Regulável Antialérgico Zirconias Elegante Tendência Presente,,49.9,49.9,1,0,49.9,0.0,0.0,0.0,0.0,0.12,1,0.12,0.0,0.0,8.16,,0.0,N,0.0,0.0,0,0.0,49.9,0.0,0.0,9.62,0.0,0.0,8.98,8.98,5.0,5.0,41.74,9.62,,Bertioga,São Paulo,BR,2026-04-25 01:59,,PEDIDO_0034
Concluído,N,,,Shopee Xpress CPF,Postagem,2026-04-16 23:59,2026-04-15 14:15,2026-04-15 13:59,2026-04-15 13:59,Anel Cobra Olho Preto Unissex Prata 925 Regulável Antialérgico Zirconias Elegante Tendência Presente,,49.9,49.9,1,0,49.9,0.0,0.0,0.0,0.0,0.12,1,0.12,0.0,0.0,0.0,,0.0,N,0.0,0.0,0,0.0,49.9,0.0,0.0,9.62,0.0,0.0,8.98,8.98,5.0,5.0,49.9,9.62,,Praia Grande,São Paulo,BR,2026-04-18 02:40,,PEDIDO_0035
Concluído,N,,,Shopee Xpress CPF,Postagem,2026-04-16 23:59,2026-04-16 12:56,2026-04-15 17:10,2026-04-15 21:39,Anel Cobra Olho Preto Unissex Prata 925 Regulável Antialérgico Zirconias Elegante Tendência Presente,,49.9,49.9,1,0,49.9,0.0,0.0,0.0,0.0,0.12,1,0.12,0.0,0.0,0.0,,0.0,N,0.0,0.0,0,0.0,49.9,0.0,0.0,9.62,0.0,0.0,8.98,8.98,5.0,5.0,49.9,9.62,,Londrina,Paraná,BR,2026-04-19 15:14,,PEDIDO_0036
Cancelado,N,Cancelado pelo comprador. Motivo : Outros,,Shopee Xpress CPF,,2026-04-16 23:59,,2026-04-15 22:18,2026-04-15 22:18,Anel Cobra Olho Preto Unissex Prata 925 Regulável Antialérgico Zirconias Elegante Tendência Presente,,49.9,49.9,1,0,49.9,0.0,0.0,0.0,0.0,0.12,1,0.12,0.0,0.0,0.0,,0.0,N,0.0,0.0,0,0.0,0.0,0.0,0.0,0.0,0.0,0.0,0.0,0.0,0.0,0.0,0.0,18.11,,Itororó,Bahia,BR,,,PEDIDO_0037
Concluído,N,,,Shopee Xpress CPF,Postagem,2026-04-17 23:59,2026-04-17 17:19,2026-04-16 14:40,2026-04-16 14:43,Anel Cobra Olho Preto Unissex Prata 925 Regulável Antialérgico Zirconias Elegante Tendência Presente,,49.9,49.9,1,0,49.9,0.0,0.0,0.0,0.0,0.12,1,0.12,0.0,0.0,0.0,,0.0,N,0.0,0.0,0,0.0,49.9,0.0,0.0,12.04,0.0,0.0,8.98,8.98,5.0,5.0,49.9,12.04,,Montes Claros,Minas Gerais,BR,2026-04-30 10:48,,PEDIDO_0038
Concluído,N,,,Shopee Xpress CPF,Postagem,2026-04-17 23:59,2026-04-17 17:19,2026-04-16 17:03,2026-04-16 17:03,Anel Cobra Olho Preto Unissex Prata 925 Regulável Antialérgico Zirconias Elegante Tendência Presente,,49.9,49.9,1,0,49.9,0.0,0.0,0.0,0.0,0.12,1,0.12,0.0,0.0,0.0,,0.0,N,0.0,0.0,0,0.0,49.9,0.0,0.0,18.11,0.0,0.0,8.98,8.98,5.0,5.0,49.9,18.11,,São José da Vitória,Bahia,BR,2026-04-24 11:58,,PEDIDO_0039
Concluído,N,,,Shopee Xpress CPF,Postagem,2026-04-20 23:59,2026-04-20 13:05,2026-04-18 11:09,2026-04-18 11:09,Conjunto Norelle Colar Brincos Prata 925 Ponto de Luz Zircônia Unissex Elegante Presente Luxo Brilho,,62.9,62.9,1,0,62.9,0.0,0.0,0.0,0.0,0.12,1,0.12,0.0,0.0,0.0,,0.0,N,0.0,0.0,0,0.0,62.9,0.0,0.0,9.62,0.0,0.0,11.32,11.32,5.26,5.26,62.9,9.62,,Tabatinga,São Paulo,BR,2026-04-30 17:21,,PEDIDO_0040
Cancelado,N,Cancelado automaticamente pelo sistema da Shopee. Motivo : Pedido não pago,,Shopee Xpress CPF,,,,2026-04-18 12:19,-,Conjunto Norelle Colar Brincos Prata 925 Ponto de Luz Zircônia Unissex Elegante Presente Luxo Brilho,,62.9,62.9,1,0,62.9,0.0,0.0,0.0,0.0,0.12,1,0.12,0.0,0.0,0.0,,0.0,N,0.0,0.0,0,0.0,0.0,0.0,0.0,0.0,0.0,0.0,0.0,0.0,0.0,0.0,0.0,12.04,,São Mateus,Espírito Santo,BR,,,PEDIDO_0041
Concluído,N,,,Shopee Xpress CPF,Postagem,2026-04-27 23:59,2026-04-27 17:35,2026-04-25 00:50,2026-04-25 00:50,Anel Cobra Olho Preto Unissex Prata 925 Regulável Antialérgico Zirconias Elegante Tendência Presente,,49.9,49.9,1,0,49.9,0.0,0.0,0.0,0.0,0.12,1,0.12,0.0,0.0,0.0,,0.0,N,0.0,0.0,0,0.0,49.9,0.0,0.0,16.91,0.0,0.0,8.98,8.98,5.0,5.0,49.9,16.91,,São João,Pernambuco,BR,2026-05-03 15:43,,PEDIDO_0042
Cancelado,N,Cancelado pelo comprador. Motivo : Outros,,Shopee Xpress CPF,,2026-04-27 23:59,,2026-04-25 13:34,2026-04-25 13:34,Anel Cobra Olho Preto Unissex Prata 925 Regulável Antialérgico Zirconias Elegante Tendência Presente,,49.9,49.9,1,0,49.9,0.0,0.0,0.0,0.0,0.12,1,0.12,0.0,0.0,0.0,,0.0,N,0.0,0.0,0,0.0,0.0,0.0,0.0,0.0,0.0,0.0,0.0,0.0,0.0,0.0,0.0,12.04,,Monte Carmelo,Minas Gerais,BR,,,PEDIDO_0043
Concluído,N,,,Shopee Xpress CPF,Postagem,2026-04-27 23:59,2026-04-27 17:35,2026-04-25 13:47,2026-04-25 13:47,Anel Cobra Olho Preto Unissex Prata 925 Regulável Antialérgico Zirconias Elegante Tendência Presente,,49.9,49.9,1,0,49.9,0.0,0.0,0.0,0.0,0.12,1,0.12,2.5,0.0,0.0,,0.0,N,0.0,0.0,0,0.0,49.9,0.0,0.0,10.83,0.0,0.0,8.53,8.53,4.95,4.95,47.4,10.83,,São Miguel do Oeste,Santa Catarina,BR,2026-05-01 21:23,,PEDIDO_0044
Concluído,N,,,Shopee Xpress CPF,Postagem,2026-04-27 23:59,2026-04-27 17:35,2026-04-25 16:12,2026-04-25 16:12,Anel Cobra Olho Preto Unissex Prata 925 Regulável Antialérgico Zirconias Elegante Tendência Presente,,49.9,49.9,1,0,49.9,0.0,0.0,0.0,0.0,0.12,1,0.12,2.5,0.0,0.0,,0.0,N,0.0,0.0,4,0.0,57.08,7.18,0.0,0.0,0.0,0.0,8.53,8.53,4.95,4.95,54.54,7.18,,São Paulo,São Paulo,BR,2026-04-28 16:32,,PEDIDO_0045
Cancelado,N,Cancelado automaticamente pelo sistema da Shopee. Motivo : Pedido não pago,,Shopee Xpress CPF,,,,2026-04-25 22:27,-,Anel Cobra Olho Preto Unissex Prata 925 Regulável Antialérgico Zirconias Elegante Tendência Presente,,49.9,49.9,1,0,49.9,0.0,0.0,0.0,0.0,0.12,1,0.12,0.0,0.0,0.0,,0.0,N,0.0,0.0,0,0.0,0.0,0.0,0.0,0.0,0.0,0.0,0.0,0.0,0.0,0.0,0.0,10.83,,Cariacica,Espírito Santo,BR,,,PEDIDO_0046
Concluído,N,,,Shopee Xpress CPF,Postagem,2026-04-28 23:59,2026-04-27 17:35,2026-04-26 10:47,2026-04-26 10:47,Anel Cobra Olho Preto Unissex Prata 925 Regulável Antialérgico Zirconias Elegante Tendência Presente,,49.9,49.9,1,0,49.9,0.0,0.0,0.0,0.0,0.12,1,0.12,2.5,0.0,0.0,,0.0,N,0.0,0.0,0,0.0,49.9,0.0,0.0,12.04,0.0,0.0,8.53,8.53,4.95,4.95,55.19,12.04,,Paraopeba,Minas Gerais,BR,2026-05-07 14:15,,PEDIDO_0047
Concluído,N,,,Shopee Xpress CPF,Postagem,2026-04-28 23:59,2026-04-27 17:35,2026-04-26 13:36,2026-04-26 13:36,Anel Cobra Olho Preto Unissex Prata 925 Regulável Antialérgico Zirconias Elegante Tendência Presente,,49.9,49.9,1,0,49.9,0.0,0.0,0.0,0.0,0.12,1,0.12,2.5,0.0,0.0,,0.0,N,0.0,0.0,0,0.0,57.08,7.18,0.0,0.0,0.0,0.0,8.53,8.53,4.95,4.95,54.58,7.18,,São Paulo,São Paulo,BR,2026-05-01 12:51,,PEDIDO_0048
Concluído,N,,,Shopee Xpress CPF,Postagem,2026-04-28 23:59,2026-04-28 13:59,2026-04-27 17:41,2026-04-27 17:42,Anel Cobra Olho Preto Unissex Prata 925 Regulável Antialérgico Zirconias Elegante Tendência Presente,,49.9,49.9,1,0,49.9,0.0,0.0,0.0,0.0,0.12,1,0.12,2.5,0.0,0.0,,0.0,N,0.0,0.0,0,0.0,49.9,0.0,0.0,7.18,0.0,0.0,8.53,8.53,4.95,4.95,47.4,7.18,,Suzano,São Paulo,BR,2026-04-30 16:45,,PEDIDO_0049
Concluído,N,,,Shopee Xpress CPF,Postagem,2026-04-28 23:59,2026-04-28 13:59,2026-04-27 22:56,2026-04-27 22:57,Anel Cobra Olho Preto Unissex Prata 925 Regulável Antialérgico Zirconias Elegante Tendência Presente,,49.9,49.9,1,0,49.9,0.0,0.0,0.0,0.0,0.12,1,0.12,2.5,0.0,0.0,,0.0,N,0.0,0.0,0,0.0,54.71,4.81,0.0,4.81,0.0,0.0,8.53,8.53,4.95,4.95,52.21,9.62,,Tatuí,São Paulo,BR,2026-05-01 08:09,,PEDIDO_0050
Concluído,N,,,Shopee Xpress CPF,Postagem,2026-04-28 23:59,2026-04-28 13:59,2026-04-28 08:18,2026-04-28 08:18,Anel Cobra Olho Preto Unissex Prata 925 Regulável Antialérgico Zirconias Elegante Tendência Presente,,49.9,49.9,1,0,49.9,0.0,0.0,0.0,0.0,0.12,1,0.12,2.5,0.0,3.5,,0.0,N,0.0,0.0,0,0.0,49.9,0.0,0.0,9.62,0.0,0.0,8.53,8.53,4.95,4.95,43.9,9.62,,Praia Grande,São Paulo,BR,2026-04-30 17:55,,PEDIDO_0051
Concluído,N,,,Shopee Xpress CPF,Postagem,2026-04-29 23:59,2026-04-29 15:27,2026-04-28 21:20,2026-04-28 21:22,Anel Cobra Olho Preto Unissex Prata 925 Regulável Antialérgico Zirconias Elegante Tendência Presente,,49.9,49.9,1,0,49.9,0.0,0.0,0.0,0.0,0.12,1,0.12,2.5,0.0,0.0,,0.0,N,0.0,0.0,0,0.0,49.9,0.0,0.0,9.62,0.0,0.0,8.53,8.53,4.95,4.95,47.4,9.62,,Borborema,São Paulo,BR,2026-05-09 10:56,,PEDIDO_0052
Concluído,N,,,Shopee Xpress CPF,Postagem,2026-04-29 23:59,2026-04-29 15:27,2026-04-29 10:50,2026-04-29 10:51,Anel Cobra Olho Preto Unissex Prata 925 Regulável Antialérgico Zirconias Elegante Tendência Presente,,49.9,49.9,1,0,49.9,0.0,0.0,0.0,0.0,0.12,1,0.12,0.0,0.0,7.92,,0.0,N,0.0,0.0,0,0.0,49.9,0.0,0.0,7.18,0.0,0.0,8.98,8.98,5.0,5.0,41.98,7.18,,São Paulo,São Paulo,BR,2026-05-01 14:53,,PEDIDO_0053
Concluído,N,,,Shopee Xpress CPF,Postagem,2026-04-30 23:59,2026-04-29 15:27,2026-04-29 11:49,2026-04-29 11:49,Anel Cobra Olho Preto Unissex Prata 925 Regulável Antialérgico Zirconias Elegante Tendência Presente,,49.9,49.9,1,0,49.9,0.0,0.0,0.0,0.0,0.12,1,0.12,0.0,0.0,7.92,,0.0,N,0.0,0.0,17,0.0,49.9,0.0,0.0,18.11,0.0,0.0,8.98,8.98,5.0,5.0,41.81,18.11,,Mineiros,Goiás,BR,2026-05-03 11:08,,PEDIDO_0054
Cancelado,N,Cancelado pelo comprador. Motivo : É necessário inserir/alterar o código do cupom,,Shopee Xpress CPF,,,,2026-04-30 22:01,-,Anel Cobra Olho Preto Unissex Prata 925 Regulável Antialérgico Zirconias Elegante Tendência Presente,,49.9,49.9,1,0,49.9,0.0,0.0,0.0,0.0,0.12,1,0.12,0.0,0.0,0.0,,0.0,N,0.0,0.0,0,0.0,0.0,0.0,0.0,0.0,0.0,0.0,0.0,0.0,0.0,0.0,0.0,12.04,,Teresina,Piauí,BR,,,PEDIDO_0055
Concluído,N,,,Shopee Xpress CPF,Postagem,2026-05-06 23:59,2026-05-06 17:21,2026-04-30 22:16,2026-05-06 07:40,Anel Cobra Olho Preto Unissex Prata 925 Regulável Antialérgico Zirconias Elegante Tendência Presente,,49.9,49.9,1,0,49.9,0.0,0.0,0.0,0.0,0.12,1,0.12,2.5,0.0,14.22,,0.0,N,0.0,0.0,0,0.0,49.9,0.0,0.0,12.04,0.0,0.0,8.53,8.53,4.95,4.95,33.18,12.04,,Teresina,Piauí,BR,2026-05-12 11:59,,PEDIDO_0056
Concluído,N,,,Shopee Xpress CPF,Postagem,2026-05-04 23:59,2026-05-04 17:58,2026-05-01 00:36,2026-05-01 00:37,Conjunto Norelle Colar Brincos Prata 925 Ponto de Luz Zircônia Unissex Elegante Presente Luxo Brilho,,60.9,60.9,1,0,60.9,0.0,0.0,0.0,0.0,0.12,1,0.12,0.0,0.0,0.0,,0.0,N,0.0,0.0,0,0.0,60.9,0.0,0.0,7.18,0.0,0.0,10.96,10.96,5.22,5.22,60.9,7.18,,Embu das Artes,São Paulo,BR,2026-05-07 20:48,,PEDIDO_0057
Concluído,N,,,Shopee Xpress CPF,Postagem,2026-05-04 23:59,2026-05-04 17:58,2026-05-01 14:43,2026-05-01 14:44,Anel Cobra Olho Preto Unissex Prata 925 Regulável Antialérgico Zirconias Elegante Tendência Presente,,49.9,49.9,1,0,49.9,0.0,0.0,0.0,0.0,0.12,1,0.12,2.5,0.0,0.0,0.0,0.0,N,0.0,0.0,0,0.0,49.9,0.0,0.0,9.62,0.0,0.0,8.53,8.53,4.95,4.95,47.4,9.62,,Bauru,São Paulo,BR,2026-05-09 12:56,,PEDIDO_0058
Concluído,N,,,Shopee Xpress CPF,Postagem,2026-05-04 23:59,2026-05-04 17:58,2026-05-02 09:49,2026-05-02 09:49,Anel Cobra Olho Preto Unissex Prata 925 Regulável Antialérgico Zirconias Elegante Tendência Presente,,49.9,49.9,1,0,49.9,0.0,0.0,0.0,0.0,0.12,1,0.12,0.0,0.0,0.0,0.0,0.0,N,0.0,0.0,44,0.0,49.9,0.0,0.0,16.91,0.0,0.0,8.98,8.98,5.0,5.0,49.46,16.91,,Gravatá,Pernambuco,BR,2026-05-12 09:38,,PEDIDO_0059
Concluído,N,,,Shopee Xpress CPF,Postagem,2026-05-05 23:59,2026-05-04 17:58,2026-05-03 00:16,2026-05-03 00:16,Anel Cobra Olho Preto Unissex Prata 925 Regulável Antialérgico Zirconias Elegante Tendência Presente,,49.9,49.9,1,0,49.9,0.0,0.0,0.0,0.0,0.12,1,0.12,0.0,0.0,0.0,0.0,0.0,N,0.0,0.0,0,0.0,49.9,0.0,0.0,10.83,0.0,0.0,8.98,8.98,5.0,5.0,49.9,10.83,,Caxias do Sul,Rio Grande do Sul,BR,2026-05-10 00:32,,PEDIDO_0060
Cancelado,N,Cancelado automaticamente pelo sistema da Shopee. Motivo : Pedido não pago,,Shopee Xpress CPF,,,,2026-05-03 10:30,-,Anel Cobra Olho Preto Unissex Prata 925 Regulável Antialérgico Zirconias Elegante Tendência Presente,,49.9,49.9,1,0,49.9,0.0,0.0,0.0,0.0,0.12,1,0.12,0.0,0.0,0.0,,0.0,N,0.0,0.0,0,0.0,0.0,0.0,0.0,0.0,0.0,0.0,0.0,0.0,0.0,0.0,0.0,9.62,,Lorena,São Paulo,BR,,,PEDIDO_0061
Concluído,N,,,Shopee Xpress CPF,Postagem,2026-05-05 23:59,2026-05-04 17:58,2026-05-03 14:49,2026-05-03 14:56,Anel Cobra Olho Preto Unissex Prata 925 Regulável Antialérgico Zirconias Elegante Tendência Presente,,49.9,49.9,1,0,49.9,0.0,0.0,0.0,0.0,0.12,1,0.12,0.0,0.0,0.0,0.0,0.0,N,0.0,0.0,0,0.0,49.9,0.0,0.0,9.62,0.0,0.0,8.98,8.98,5.0,5.0,49.9,9.62,,Macatuba,São Paulo,BR,2026-05-08 17:55,,PEDIDO_0062
Concluído,N,,,Shopee Xpress CPF,Postagem,2026-05-05 23:59,2026-05-04 17:58,2026-05-03 22:14,2026-05-03 22:14,Anel Cobra Olho Preto Unissex Prata 925 Regulável Antialérgico Zirconias Elegante Tendência Presente,,49.9,49.9,1,0,49.9,0.0,0.0,0.0,0.0,0.12,1,0.12,0.0,0.0,0.0,0.0,0.0,N,0.0,0.0,0,0.0,49.9,0.0,0.0,12.04,0.0,0.0,8.98,8.98,5.0,5.0,49.9,12.04,,Sete Lagoas,Minas Gerais,BR,2026-05-16 12:22,,PEDIDO_0063
Cancelado,N,Cancelado pelo comprador. Motivo : É necessário inserir/alterar o código do cupom,,Shopee Xpress CPF,,,,2026-05-04 20:58,-,Anel Cobra Olho Preto Unissex Prata 925 Regulável Antialérgico Zirconias Elegante Tendência Presente,,49.9,49.9,1,0,49.9,0.0,0.0,0.0,0.0,0.12,1,0.12,0.0,0.0,0.0,,0.0,N,0.0,0.0,0,0.0,0.0,0.0,0.0,0.0,0.0,0.0,0.0,0.0,0.0,0.0,0.0,9.62,,Foz do Iguaçu,Paraná,BR,,,PEDIDO_0064
Cancelado,N,Cancelado automaticamente pelo sistema da Shopee. Motivo : Pedido não pago,,Shopee Xpress CPF,,,,2026-05-04 21:10,-,Anel Cobra Olho Preto Unissex Prata 925 Regulável Antialérgico Zirconias Elegante Tendência Presente,,49.9,49.9,1,0,49.9,0.0,0.0,0.0,0.0,0.12,1,0.12,0.0,0.0,0.0,,0.0,N,0.0,0.0,0,0.0,0.0,0.0,0.0,0.0,0.0,0.0,0.0,0.0,0.0,0.0,0.0,9.62,,Foz do Iguaçu,Paraná,BR,,,PEDIDO_0065
Concluído,N,,,Shopee Xpress CPF,Postagem,2026-05-05 23:59,2026-05-05 13:08,2026-05-05 08:25,2026-05-05 08:26,Anel Cobra Olho Preto Unissex Prata 925 Regulável Antialérgico Zirconias Elegante Tendência Presente,,49.9,49.9,1,0,49.9,0.0,0.0,0.0,0.0,0.12,1,0.12,0.0,0.0,0.0,0.0,0.0,N,0.0,0.0,1,0.0,49.9,0.0,0.0,13.25,0.0,0.0,8.98,8.98,5.0,5.0,49.89,13.25,,Cuiabá,Mato Grosso,BR,2026-05-11 20:37,,PEDIDO_0066
Cancelado,N,Cancelado automaticamente pelo sistema da Shopee. Motivo : Pedido não pago,,Shopee Xpress CPF,,,,2026-05-05 12:24,-,Anel Cobra Olho Preto Unissex Prata 925 Regulável Antialérgico Zirconias Elegante Tendência Presente,,49.9,49.9,1,0,49.9,0.0,0.0,0.0,0.0,0.12,1,0.12,0.0,0.0,0.0,,0.0,N,0.0,0.0,1,0.0,0.0,0.0,0.0,0.0,0.0,0.0,0.0,0.0,0.0,0.0,0.0,7.18,,São Paulo,São Paulo,BR,,,PEDIDO_0067
Concluído,N,,,Shopee Xpress CPF,Postagem,2026-05-06 23:59,2026-05-06 17:21,2026-05-06 03:17,2026-05-06 03:17,Anel Cobra Olho Preto Unissex Prata 925 Regulável Antialérgico Zirconias Elegante Tendência Presente,,49.9,49.9,1,0,49.9,0.0,0.0,0.0,0.0,0.12,1,0.12,0.0,0.0,0.0,0.0,0.0,N,0.0,0.0,0,0.0,49.9,0.0,0.0,16.91,0.0,0.0,8.98,8.98,5.0,5.0,49.9,16.91,,Rio Branco,Acre,BR,2026-05-18 20:56,,PEDIDO_0068
Concluído,N,,,Shopee Xpress CPF,Postagem,2026-05-19 23:59,2026-05-18 13:50,2026-05-17 16:55,2026-05-17 16:56,Trio Essenza Brincos Prata 925 Argola e Ponto de Luz Zircônias Verde Unissex Elegante  Presente Luxo,,49.9,49.9,1,0,49.9,0.0,0.0,0.0,0.0,0.12,1,0.12,3.0,0.0,0.0,0.0,0.0,N,0.0,0.0,0,0.0,49.9,0.0,0.0,8.39,0.0,0.0,8.44,8.44,4.94,4.94,46.9,8.39,,Rio de Janeiro,Rio de Janeiro,BR,2026-05-20 19:43,,PEDIDO_0069
Concluído,N,,,Shopee Xpress CPF,Postagem,2026-05-22 23:59,2026-05-22 13:10,2026-05-22 06:59,2026-05-22 07:00,Trio Essenza Brincos Prata 925 Argola e Ponto de Luz Zircônias Verde Unissex Elegante  Presente Luxo,,49.9,49.9,1,0,49.9,0.0,0.0,0.0,0.0,0.12,1,0.12,3.0,0.0,0.0,0.0,0.0,N,0.0,0.0,0,0.0,49.9,0.0,0.0,7.18,0.0,0.0,8.44,8.44,4.94,4.94,46.9,7.18,,São Paulo,São Paulo,BR,2026-06-01 05:55,,PEDIDO_0070
Cancelado,N,Cancelado automaticamente pelo sistema da Shopee. Motivo : Pedido não pago,,Retirada pelo Comprador,,,,2026-06-10 22:43,-,Anel Cobra Olho Preto Unissex Prata 925 Regulável Antialérgico Zirconias Elegante Tendência Presente,,49.9,49.9,1,0,49.9,0.0,0.0,0.0,0.0,0.12,1,0.12,0.0,0.0,0.0,0.0,0.0,N,0.0,0.0,0,0.0,0.0,0.0,0.0,0.0,0.0,0.0,0.0,0.0,0.0,0.0,0.0,8.66,,Mafra,Santa Catarina,BR,,,PEDIDO_0071
Concluído,N,,,Shopee Xpress CPF,Postagem,2026-06-12 23:59,2026-06-12 13:08,2026-06-11 20:25,2026-06-11 20:26,Anel Cobra Olho Preto Unissex Prata 925 Regulável Antialérgico Zirconias Elegante Tendência Presente,,49.9,48.91,1,0,48.91,0.99,0.99,0.0,0.0,0.12,1,0.12,0.0,0.0,0.0,0.0,0.0,N,0.0,0.0,2,0.0,48.91,0.0,0.0,9.62,0.0,0.0,8.8,8.8,4.98,4.98,53.87,9.62,,Brasília,Distrito Federal,BR,2026-06-18 17:12,,PEDIDO_0072
Concluído,N,,,Shopee Xpress CPF,Postagem,2026-06-16 23:59,2026-06-15 11:25,2026-06-14 15:16,2026-06-14 15:19,Trio Essenza Brincos Prata 925 Argola e Ponto de Luz Zircônias Verde Unissex Elegante  Presente Luxo,,49.9,48.91,1,0,48.91,0.99,0.99,0.0,0.0,0.12,1,0.12,0.0,0.0,0.0,0.0,0.0,N,0.0,0.0,0,0.0,48.91,0.0,0.0,8.39,0.0,0.0,8.8,8.8,4.98,4.98,48.91,8.39,,São João de Meriti,Rio de Janeiro,BR,2026-06-18 19:05,,PEDIDO_0073
Concluído,N,,,Shopee Xpress CPF,Postagem,2026-06-16 23:59,2026-06-15 11:25,2026-06-15 10:32,2026-06-15 10:33,Anel Cobra Olho Preto Unissex Prata 925 Regulável Antialérgico Zirconias Elegante Tendência Presente,,49.9,48.91,1,0,48.91,0.99,0.99,0.0,0.0,0.12,1,0.12,0.0,0.0,0.0,0.0,0.0,N,0.0,0.0,0,0.0,48.91,0.0,0.0,13.25,0.0,0.0,8.8,8.8,4.98,4.98,48.91,13.25,,Cuiabá,Mato Grosso,BR,2026-07-01 07:27,,PEDIDO_0074
Concluído,N,,,Shopee Xpress CPF,Postagem,2026-06-16 23:59,2026-06-16 15:40,2026-06-16 00:09,2026-06-16 00:09,Trio Essenza Brincos Prata 925 Argola e Ponto de Luz Zircônias Verde Unissex Elegante  Presente Luxo,,49.9,48.91,1,0,48.91,0.99,0.99,0.0,12.47,0.12,1,0.12,0.0,0.0,12.47,0.0,0.0,N,0.0,0.0,0,0.0,48.91,0.0,0.0,9.62,0.0,0.0,8.8,0.23,4.98,1.08,36.44,9.62,,Ponta Grossa,Paraná,BR,2026-06-26 11:57,,PEDIDO_0075
Concluído,N,,,Shopee Xpress CPF,Postagem,2026-06-17 23:59,2026-06-17 15:56,2026-06-17 12:51,2026-06-17 12:52,Anel Cobra Olho Preto Unissex Prata 925 Regulável Antialérgico Zirconias Elegante Tendência Presente,,49.9,48.91,1,0,48.91,0.99,0.99,0.0,0.0,0.12,1,0.12,0.0,0.0,0.0,0.0,0.0,N,0.0,0.0,0,0.0,48.91,0.0,0.0,12.04,0.0,0.0,8.8,8.8,4.98,4.98,48.91,12.04,,São Gotardo,Minas Gerais,BR,2026-06-24 15:57,,PEDIDO_0076
Cancelado,N,Cancelado pelo comprador. Motivo : Outros,,Shopee Xpress CPF,,,,2026-06-18 20:12,-,Anel Cobra Olho Preto Unissex Prata 925 Regulável Antialérgico Zirconias Elegante Tendência Presente,,49.9,48.91,1,0,48.91,0.99,0.99,0.0,0.0,0.12,1,0.12,0.0,0.0,0.0,0.0,0.0,N,0.0,0.0,0,0.0,0.0,0.0,0.0,0.0,0.0,0.0,0.0,0.0,0.0,0.0,0.0,14.48,,Nossa Senhora do Socorro,Sergipe,BR,,,PEDIDO_0077
Cancelado,N,Cancelado pelo comprador. Motivo : Não quero mais comprar,,Shopee Xpress CPF,,,,2026-06-19 12:41,-,Anel Cobra Olho Preto Unissex Prata 925 Regulável Antialérgico Zirconias Elegante Tendência Presente,,49.9,48.91,1,0,48.91,0.99,0.99,0.0,0.0,0.12,1,0.12,0.0,0.0,0.0,0.0,0.0,N,0.0,0.0,0,0.0,0.0,0.0,0.0,0.0,0.0,0.0,0.0,0.0,0.0,0.0,0.0,15.69,,Maceió,Alagoas,BR,,,PEDIDO_0078
Concluído,N,,,Shopee Xpress CPF,Postagem,2026-06-22 23:59,2026-06-22 17:57,2026-06-20 17:24,2026-06-20 17:25,Anel Cobra Olho Preto Unissex Prata 925 Regulável Antialérgico Zirconias Elegante Tendência Presente,,49.9,48.91,1,0,48.91,0.99,0.99,0.0,0.0,0.12,1,0.12,0.0,0.0,0.0,0.0,0.0,N,0.0,0.0,0,0.0,53.72,4.81,0.0,4.81,0.0,0.0,8.8,8.8,4.98,4.98,53.72,9.62,,Marília,São Paulo,BR,2026-06-24 13:03,,PEDIDO_0079
Concluído,N,,,Shopee Xpress CPF,Postagem,2026-06-23 23:59,2026-06-22 17:57,2026-06-22 07:51,2026-06-22 07:51,Anel Cobra Olho Preto Unissex Prata 925 Regulável Antialérgico Zirconias Elegante Tendência Presente,,49.9,48.91,1,0,48.91,0.99,0.99,0.0,0.0,0.12,1,0.12,0.0,0.0,0.0,0.0,0.0,N,0.0,0.0,0,0.0,48.91,0.0,0.0,10.83,0.0,0.0,8.8,8.8,4.98,4.98,48.91,10.83,,Bom Princípio,Rio Grande do Sul,BR,2026-06-27 15:31,,PEDIDO_0080
Cancelado,N,Cancelado pelo comprador. Motivo : Outros,,Shopee Xpress CPF,,,,2026-06-22 13:32,-,Anel Cobra Olho Preto Unissex Prata 925 Regulável Antialérgico Zirconias Elegante Tendência Presente,,49.9,49.9,1,0,49.9,0.0,0.0,0.0,0.0,0.12,1,0.12,0.0,0.0,0.0,0.0,0.0,N,0.0,0.0,11,0.0,0.0,0.0,0.0,0.0,0.0,0.0,0.0,0.0,0.0,0.0,0.0,14.48,,Nossa Senhora do Socorro,Sergipe,BR,,,PEDIDO_0081
Cancelado,N,Cancelado pelo comprador. Motivo : Outros,,Shopee Xpress CPF,,,,2026-06-22 19:21,-,Anel Cobra Olho Preto Unissex Prata 925 Regulável Antialérgico Zirconias Elegante Tendência Presente,,49.9,49.9,1,0,49.9,0.0,0.0,0.0,0.0,0.12,1,0.12,0.0,0.0,0.0,0.0,0.0,N,0.0,0.0,0,0.0,0.0,0.0,0.0,0.0,0.0,0.0,0.0,0.0,0.0,0.0,0.0,14.48,,Nossa Senhora do Socorro,Sergipe,BR,,,PEDIDO_0082
Cancelado,N,Cancelado pelo comprador. Motivo : Outros,,Shopee Xpress CPF,,,,2026-06-22 19:35,-,Anel Cobra Olho Preto Unissex Prata 925 Regulável Antialérgico Zirconias Elegante Tendência Presente,,49.9,49.9,1,0,49.9,0.0,0.0,0.0,0.0,0.12,1,0.12,0.0,0.0,0.0,0.0,0.0,N,0.0,0.0,11,0.0,0.0,0.0,0.0,0.0,0.0,0.0,0.0,0.0,0.0,0.0,0.0,14.48,,Nossa Senhora do Socorro,Sergipe,BR,,,PEDIDO_0083
Cancelado,N,Cancelado pelo comprador. Motivo : Outros,,Shopee Xpress CPF,,,,2026-06-22 20:57,-,Anel Cobra Olho Preto Unissex Prata 925 Regulável Antialérgico Zirconias Elegante Tendência Presente,,49.9,49.9,1,0,49.9,0.0,0.0,0.0,0.0,0.12,1,0.12,0.0,0.0,0.0,0.0,0.0,N,0.0,0.0,0,0.0,0.0,0.0,0.0,0.0,0.0,0.0,0.0,0.0,0.0,0.0,0.0,14.48,,Nossa Senhora do Socorro,Sergipe,BR,,,PEDIDO_0084
Concluído,N,,,Shopee Xpress CPF,Postagem,2026-06-23 23:59,2026-06-23 15:52,2026-06-22 21:01,2026-06-22 21:05,Anel Cobra Olho Preto Unissex Prata 925 Regulável Antialérgico Zirconias Elegante Tendência Presente,,49.9,49.9,1,0,49.9,0.0,0.0,0.0,0.0,0.12,1,0.12,0.0,0.0,0.0,0.0,0.0,N,0.0,0.0,0,0.0,49.9,0.0,0.0,14.48,0.0,0.0,8.98,8.98,5.0,5.0,49.9,14.48,,Nossa Senhora do Socorro,Sergipe,BR,2026-07-03 10:29,,PEDIDO_0085
Concluído,N,,,Shopee Xpress CPF,Postagem,2026-06-29 23:59,2026-06-29 10:56,2026-06-27 16:45,2026-06-27 16:45,Anel Cobra Olho Preto Unissex Prata 925 Regulável Antialérgico Zirconias Elegante Tendência Presente,,49.9,46.9,1,0,46.9,3.0,3.0,0.0,0.0,0.12,1,0.12,0.0,0.0,0.0,0.0,0.0,N,0.0,0.0,318,0.0,46.9,0.0,0.0,9.62,0.0,0.0,8.44,8.44,4.94,4.94,47.31,9.62,,Maringá,Paraná,BR,2026-07-01 18:45,,PEDIDO_0086
Concluído,N,,,Shopee Xpress CPF,Postagem,2026-06-30 23:59,2026-06-29 10:56,2026-06-28 01:42,2026-06-28 01:43,Anel Cobra Olho Preto Unissex Prata 925 Regulável Antialérgico Zirconias Elegante Tendência Presente,,49.9,49.9,1,0,49.9,0.0,0.0,0.0,0.0,0.12,1,0.12,0.0,0.0,0.0,0.0,0.0,N,0.0,0.0,0,0.0,49.9,0.0,0.0,8.39,0.0,0.0,8.98,8.98,5.0,5.0,49.9,8.39,,Rio de Janeiro,Rio de Janeiro,BR,2026-07-02 12:08,,PEDIDO_0087
Cancelado,N,Cancelado automaticamente pelo sistema da Shopee. Motivo : Pedido não pago,,Shopee Xpress CPF,,,,2026-06-28 15:04,-,Anel Cobra Olho Preto Unissex Prata 925 Regulável Antialérgico Zirconias Elegante Tendência Presente,,49.9,49.9,1,0,49.9,0.0,0.0,0.0,0.0,0.12,1,0.12,0.0,0.0,0.0,0.0,0.0,N,0.0,0.0,0,0.0,0.0,0.0,0.0,0.0,0.0,0.0,0.0,0.0,0.0,0.0,0.0,9.62,,Catanduvas,Paraná,BR,,,PEDIDO_0088
Concluído,N,,,Shopee Xpress CPF,Postagem,2026-06-30 23:59,2026-06-30 14:40,2026-06-29 17:46,2026-06-29 17:47,Anel Cobra Olho Preto Unissex Prata 925 Regulável Antialérgico Zirconias Elegante Tendência Presente,,49.9,49.9,1,0,49.9,0.0,0.0,0.0,0.0,0.12,1,0.12,0.0,0.0,0.0,0.0,0.0,N,0.0,0.0,0,0.0,49.9,0.0,0.0,9.62,0.0,0.0,8.98,8.98,5.0,5.0,49.9,9.62,,Brasília,Distrito Federal,BR,2026-07-10 11:52,,PEDIDO_0089
Concluído,N,,,Shopee Xpress CPF,Postagem,2026-07-02 23:59,2026-07-02 09:43,2026-07-01 16:55,2026-07-01 16:56,Anel Cobra Olho Preto Unissex Prata 925 Regulável Antialérgico Zirconias Elegante Tendência Presente,,49.9,46.9,1,0,46.9,3.0,3.0,0.0,0.0,0.12,1,0.12,0.0,0.0,0.0,0.0,0.0,N,0.0,0.0,0,0.0,46.9,0.0,0.0,12.04,0.0,0.0,8.44,8.44,4.94,4.94,46.9,12.04,,Uberlândia,Minas Gerais,BR,2026-07-08 10:02,,PEDIDO_0090
Cancelado,N,Cancelado pelo comprador. Motivo : Outros,,Shopee Xpress CPF,,,,2026-07-02 00:14,-,Anel Cobra Olho Preto Unissex Prata 925 Regulável Antialérgico Zirconias Elegante Tendência Presente,,49.9,49.9,1,0,49.9,0.0,0.0,0.0,0.0,0.12,1,0.12,0.0,0.0,0.0,0.0,0.0,N,0.0,0.0,0,0.0,0.0,0.0,0.0,0.0,0.0,0.0,0.0,0.0,0.0,0.0,0.0,7.18,,São Paulo,São Paulo,BR,,,PEDIDO_0091
Concluído,N,,,Shopee Xpress CPF,Postagem,2026-07-03 23:59,2026-07-03 16:12,2026-07-03 01:39,2026-07-03 01:40,Anel Cobra Olho Preto Unissex Prata 925 Regulável Antialérgico Zirconias Elegante Tendência Presente,,49.9,49.9,1,0,49.9,0.0,0.0,0.0,9.94,0.12,1,0.12,0.0,0.0,9.94,0.0,0.0,N,0.0,0.0,0,0.0,54.1,4.2,0.0,4.19,0.0,0.0,8.98,2.1,5.0,1.94,44.16,8.39,,Belo Horizonte,Minas Gerais,BR,2026-07-07 16:49,,PEDIDO_0092
Concluído,N,,,Shopee Xpress CPF,Postagem,2026-07-06 23:59,2026-07-04 18:16,2026-07-03 21:21,2026-07-03 21:22,Anel Cobra Olho Preto Unissex Prata 925 Regulável Antialérgico Zirconias Elegante Tendência Presente,,49.9,49.9,1,0,49.9,0.0,0.0,0.0,10.0,0.12,1,0.12,0.0,0.0,10.0,0.0,0.0,N,0.0,0.0,0,0.0,49.9,0.0,0.0,18.11,0.0,0.0,8.98,2.06,5.0,1.92,39.9,18.11,,Heitoraí,Goiás,BR,2026-07-10 13:36,,PEDIDO_0093
Concluído,N,,,Shopee Xpress CPF,Postagem,2026-07-06 23:59,2026-07-04 18:16,2026-07-04 18:00,2026-07-04 18:01,Anel Cobra Olho Preto Unissex Prata 925 Regulável Antialérgico Zirconias Elegante Tendência Presente,,49.9,49.9,1,0,49.9,0.0,0.0,0.0,0.0,0.12,1,0.12,0.0,0.0,0.0,0.0,0.0,N,0.0,0.0,0,0.0,49.9,0.0,0.0,18.11,0.0,0.0,8.98,8.98,5.0,5.0,49.9,18.11,,Aroeiras,Paraíba,BR,2026-07-10 17:58,,PEDIDO_0094
Concluído,N,,,Shopee Xpress CPF,Postagem,2026-07-07 23:59,2026-07-06 16:51,2026-07-06 13:59,2026-07-06 14:00,Anel Cobra Olho Preto Unissex Prata 925 Regulável Antialérgico Zirconias Elegante Tendência Presente,,49.9,49.9,1,0,49.9,0.0,0.0,0.0,2.5,0.12,1,0.12,0.0,0.0,2.5,0.0,0.0,N,0.0,0.0,0,0.0,63.15,13.25,0.0,0.0,0.0,0.0,8.98,7.25,5.0,4.23,60.65,13.25,,Goiânia,Goiás,BR,2026-07-15 10:58,,PEDIDO_0095
Concluído,N,,,Shopee Xpress CPF,Postagem,2026-07-07 23:59,2026-07-07 15:33,2026-07-06 19:10,2026-07-06 19:10,Anel Cobra Olho Preto Unissex Prata 925 Regulável Antialérgico Zirconias Elegante Tendência Presente,,49.9,49.9,1,0,49.9,0.0,0.0,0.0,0.0,0.12,1,0.12,0.0,0.0,0.0,0.0,0.0,N,0.0,0.0,0,0.0,49.9,0.0,0.0,9.62,0.0,0.0,8.98,8.98,5.0,5.0,54.79,9.62,,Londrina,Paraná,BR,2026-07-16 12:47,,PEDIDO_0096
Concluído,N,,,Retirada pelo Comprador,Postagem,2026-07-08 23:59,2026-07-07 15:35,2026-07-07 14:52,2026-07-07 14:54,Anel Cobra Olho Preto Unissex Prata 925 Regulável Antialérgico Zirconias Elegante Tendência Presente,,49.9,47.41,1,0,47.41,2.49,2.49,0.0,2.38,0.12,1,0.12,0.0,0.0,2.38,0.0,0.0,N,0.0,0.0,1,0.0,55.11,7.7,0.0,0.0,0.0,0.0,8.53,6.91,4.95,4.19,52.72,7.7,,Foz do Iguaçu,Paraná,BR,2026-07-14 11:09,,PEDIDO_0097
Cancelado,N,Cancelado pelo comprador. Motivo : Outros,,Shopee Xpress CPF,,2026-07-10 23:59,,2026-07-09 16:50,2026-07-09 16:51,Anel Cobra Olho Preto Unissex Prata 925 Regulável Antialérgico Zirconias Elegante Tendência Presente,,49.9,49.9,1,0,49.9,0.0,0.0,0.0,0.0,0.12,1,0.12,0.0,0.0,0.0,0.0,0.0,N,0.0,0.0,29,0.0,0.0,0.0,0.0,0.0,0.0,0.0,0.0,0.0,0.0,0.0,0.0,15.69,,Maceió,Alagoas,BR,,,PEDIDO_0098
Concluído,N,,,Shopee Xpress CPF,Postagem,2026-07-13 23:59,2026-07-11 10:24,2026-07-10 17:56,2026-07-10 17:57,Anel Cobra Olho Preto Unissex Prata 925 Regulável Antialérgico Zirconias Elegante Tendência Presente,,49.9,49.9,1,0,49.9,0.0,0.0,0.0,0.0,0.12,1,0.12,0.0,0.0,0.0,0.0,0.0,N,0.0,0.0,398,0.0,49.9,0.0,0.0,18.11,0.0,0.0,8.98,8.98,5.0,5.0,45.92,18.11,,Aroeiras,Paraíba,BR,2026-07-19 20:13,,PEDIDO_0099
Concluído,N,,,Shopee Xpress CPF,Postagem,2026-07-13 23:59,2026-07-13 16:32,2026-07-11 17:54,2026-07-11 17:55,Anel Cobra Olho Preto Unissex Prata 925 Regulável Antialérgico Zirconias Elegante Tendência Presente,,49.9,49.9,1,0,49.9,0.0,0.0,0.0,0.0,0.12,1,0.12,0.0,0.0,0.0,0.0,0.0,N,0.0,0.0,0,0.0,59.52,9.62,0.0,0.0,0.0,0.0,8.98,8.98,5.0,5.0,59.52,9.62,,Santa Rita do Passa Quatro,São Paulo,BR,2026-07-16 21:24,,PEDIDO_0100
Cancelado,N,Cancelado pelo comprador. Motivo : Achei mais barato em outro lugar,,Shopee Xpress CPF,,,,2026-07-13 00:48,-,Anel Cobra Olho Preto Unissex Prata 925 Regulável Antialérgico Zirconias Elegante Tendência Presente,,49.9,49.9,1,0,49.9,0.0,0.0,0.0,0.0,0.12,1,0.12,0.0,0.0,0.0,0.0,0.0,N,0.0,0.0,3,0.0,0.0,0.0,0.0,0.0,0.0,0.0,0.0,0.0,0.0,0.0,0.0,9.62,,Praia Grande,São Paulo,BR,,,PEDIDO_0101
Concluído,N,,,Shopee Xpress CPF,Postagem,2026-07-14 23:59,2026-07-13 16:32,2026-07-13 01:08,2026-07-13 10:40,Anel Cobra Olho Preto Unissex Prata 925 Regulável Antialérgico Zirconias Elegante Tendência Presente,,49.9,49.9,1,0,49.9,0.0,0.0,0.0,2.5,0.12,1,0.12,0.0,0.0,2.5,0.0,0.0,N,0.0,0.0,0,0.0,59.52,9.62,0.0,0.0,0.0,0.0,8.98,7.25,5.0,4.23,57.02,9.62,,Praia Grande,São Paulo,BR,2026-07-14 23:56,,PEDIDO_0102
Concluído,N,,,Shopee Xpress CPF,Postagem,2026-07-14 23:59,2026-07-13 16:32,2026-07-13 15:40,2026-07-13 15:42,Anel Cobra Olho Preto Unissex Prata 925 Regulável Antialérgico Zirconias Elegante Tendência Presente,,49.9,49.9,1,0,49.9,0.0,0.0,0.0,0.0,0.12,1,0.12,0.0,0.0,0.0,0.0,0.0,N,0.0,0.0,0,0.0,49.9,0.0,0.0,9.62,0.0,0.0,8.98,8.98,5.0,5.0,49.9,9.62,,Divinolândia,São Paulo,BR,2026-07-15 16:53,,PEDIDO_0103
Concluído,N,,,Shopee Xpress CPF,Postagem,2026-07-14 23:59,2026-07-14 13:28,2026-07-13 23:04,2026-07-13 23:04,Anel Cobra Olho Preto Unissex Prata 925 Regulável Antialérgico Zirconias Elegante Tendência Presente,,49.9,49.9,1,0,49.9,0.0,0.0,0.0,0.0,0.12,1,0.12,0.0,0.0,0.0,0.0,0.0,N,0.0,0.0,0,0.0,49.9,0.0,0.0,15.69,0.0,0.0,8.98,8.98,5.0,5.0,55.41,15.69,,Maceió,Alagoas,BR,2026-07-25 10:42,,PEDIDO_0104
Concluído,N,,,Shopee Xpress CPF,Postagem,2026-07-21 23:59,2026-07-20 17:34,2026-07-19 18:24,2026-07-19 18:24,Anel Cobra Olho Preto Unissex Prata 925 Regulável Antialérgico Zirconias Elegante Tendência Presente,,49.9,49.9,1,0,49.9,0.0,0.0,0.0,0.0,0.12,1,0.12,0.0,0.0,0.0,0.0,0.0,N,0.0,0.0,0,0.0,61.94,12.04,0.0,0.0,0.0,0.0,8.98,8.98,5.0,5.0,69.31,12.04,,Teófilo Otoni,Minas Gerais,BR,2026-07-23 16:01,,PEDIDO_0105
Concluído,N,,,Shopee Xpress CPF,Postagem,2026-07-21 23:59,2026-07-21 17:06,2026-07-21 10:08,2026-07-21 10:13,Anel Cobra Olho Preto Unissex Prata 925 Regulável Antialérgico Zirconias Elegante Tendência Presente,,49.9,49.9,1,0,49.9,0.0,0.0,0.0,0.0,0.12,1,0.12,0.0,0.0,0.0,0.0,0.0,N,0.0,0.0,0,0.0,49.9,0.0,0.0,13.25,0.0,0.0,8.98,8.98,5.0,5.0,49.9,13.25,,Goiânia,Goiás,BR,2026-07-28 17:07,,PEDIDO_0106
Concluído,N,,,Shopee Xpress CPF,Postagem,2026-07-27 23:59,2026-07-24 17:39,2026-07-24 17:06,2026-07-24 17:07,Anel Cobra Olho Preto Unissex Prata 925 Regulável Antialérgico Zirconias Elegante Tendência Presente,,49.9,49.9,1,0,49.9,0.0,0.0,0.0,2.5,0.12,1,0.12,0.0,0.0,2.5,0.0,0.0,N,0.0,0.0,0,0.0,59.52,9.62,0.0,0.0,0.0,0.0,8.98,7.25,5.0,4.23,57.02,9.62,,Palhoça,Santa Catarina,BR,2026-07-27 10:54,,PEDIDO_0107
Concluído,N,,,Shopee Xpress CPF,Postagem,2026-07-27 23:59,2026-07-25 18:22,2026-07-25 08:19,2026-07-25 08:20,Anel Cobra Olho Preto Unissex Prata 925 Regulável Antialérgico Zirconias Elegante Tendência Presente,,49.9,49.9,1,0,49.9,0.0,0.0,0.0,9.92,0.12,1,0.12,0.0,0.0,9.92,0.0,0.0,N,0.0,0.0,0,0.0,49.9,0.0,0.0,10.83,0.0,0.0,8.98,2.12,5.0,1.94,39.98,10.83,,Santo Augusto,Rio Grande do Sul,BR,2026-07-30 13:16,,PEDIDO_0108
Concluído,N,,Solicitação aprovada,Shopee Xpress CPF,Postagem,2026-07-27 23:59,2026-07-25 18:21,2026-07-25 08:57,2026-07-25 08:58,Anel Cobra Olho Preto Unissex Prata 925 Regulável Antialérgico Zirconias Elegante Tendência Presente,,49.9,49.9,1,1,49.9,0.0,0.0,0.0,0.0,0.12,1,0.12,0.0,0.0,0.0,0.0,0.0,N,0.0,0.0,9,0.0,0.0,0.0,0.0,0.0,0.0,0.0,0.0,0.0,0.0,0.0,0.0,9.62,,Brasília,Distrito Federal,BR,2026-08-10 14:11,,PEDIDO_0109
Concluído,N,,,Retirada pelo Comprador,Postagem,2026-07-27 23:59,2026-07-25 18:21,2026-07-25 17:13,2026-07-25 17:13,Anel Cobra Olho Preto Unissex Prata 925 Regulável Antialérgico Zirconias Elegante Tendência Presente,,49.9,49.9,1,0,49.9,0.0,0.0,0.0,0.0,0.12,1,0.12,0.0,0.0,0.0,0.0,0.0,N,0.0,0.0,0,0.0,49.9,0.0,0.0,7.7,0.0,0.0,8.98,8.98,5.0,5.0,49.9,7.7,,Porto Alegre,Rio Grande do Sul,BR,2026-07-31 17:26,,PEDIDO_0110
Concluído,N,,,Shopee Xpress CPF,Postagem,2026-07-28 23:59,2026-07-27 17:05,2026-07-26 15:11,2026-07-26 15:12,Anel Cobra Olho Preto Unissex Prata 925 Regulável Antialérgico Zirconias Elegante Tendência Presente,,49.9,49.9,1,0,49.9,0.0,0.0,0.0,0.0,0.12,1,0.12,0.0,0.0,0.0,0.0,0.0,N,0.0,0.0,0,0.0,49.9,0.0,0.0,18.11,0.0,0.0,8.98,8.98,5.0,5.0,49.9,18.11,,Riacho de Santana,Bahia,BR,2026-07-30 20:36,,PEDIDO_0111
Concluído,N,,,Retirada pelo Comprador,Postagem,2026-07-29 23:59,2026-07-29 16:09,2026-07-28 17:06,2026-07-28 17:13,Anel Cobra Olho Preto Unissex Prata 925 Regulável Antialérgico Zirconias Elegante Tendência Presente,,49.9,49.9,1,0,49.9,0.0,0.0,0.0,0.0,0.12,1,0.12,0.0,0.0,0.0,0.0,0.0,N,0.0,0.0,0,0.0,49.9,0.0,0.0,6.71,0.0,0.0,8.98,8.98,5.0,5.0,49.9,6.71,,Maricá,Rio de Janeiro,BR,2026-08-03 14:41,,PEDIDO_0112
Concluído,N,,,Shopee Xpress CPF,Postagem,2026-07-29 23:59,2026-07-29 16:09,2026-07-28 22:12,2026-07-28 22:13,Anel Cobra Olho Preto Unissex Prata 925 Regulável Antialérgico Zirconias Elegante Tendência Presente,,49.9,49.9,1,0,49.9,0.0,0.0,0.0,0.0,0.12,1,0.12,0.0,0.0,0.0,0.0,0.0,N,0.0,0.0,0,0.0,49.9,0.0,0.0,8.39,0.0,0.0,8.98,8.98,5.0,5.0,49.9,8.39,,Rio de Janeiro,Rio de Janeiro,BR,2026-08-08 10:11,,PEDIDO_0113
Concluído,N,,,Shopee Xpress CPF,Postagem,2026-07-29 23:59,2026-07-29 16:09,2026-07-29 01:25,2026-07-29 01:26,Anel Cobra Olho Preto Unissex Prata 925 Regulável Antialérgico Zirconias Elegante Tendência Presente,,49.9,49.9,1,0,49.9,0.0,0.0,0.0,0.0,0.12,1,0.12,0.0,0.0,0.0,0.0,0.0,N,0.0,0.0,0,0.0,49.9,0.0,0.0,9.62,0.0,0.0,8.98,8.98,5.0,5.0,49.9,9.62,,Sorocaba,São Paulo,BR,2026-08-07 16:06,,PEDIDO_0114
Concluído,N,,,Shopee Xpress CPF,Postagem,2026-07-30 23:59,2026-07-30 12:20,2026-07-29 15:50,2026-07-29 15:50,Anel Cobra Olho Preto Unissex Prata 925 Regulável Antialérgico Zirconias Elegante Tendência Presente,,49.9,49.9,1,0,49.9,0.0,0.0,0.0,0.0,0.12,1,0.12,0.0,0.0,0.0,0.0,0.0,N,0.0,0.0,0,0.0,74.97,25.07,0.0,0.0,0.0,0.0,8.98,8.98,5.0,5.0,86.03,25.07,,Parnaíba,Piauí,BR,2026-08-04 18:01,,PEDIDO_0115
Concluído,N,,,Shopee Xpress CPF,Postagem,2026-07-30 23:59,2026-07-30 10:16,2026-07-29 22:16,2026-07-29 22:32,Anel Cobra Olho Preto Unissex Prata 925 Regulável Antialérgico Zirconias Elegante Tendência Presente,,49.9,49.9,1,0,49.9,0.0,0.0,0.0,0.0,0.12,1,0.12,0.0,0.0,0.0,0.0,0.0,N,0.0,0.0,0,0.0,49.9,0.0,0.0,12.04,0.0,0.0,8.98,8.98,5.0,5.0,49.9,12.04,,Guaranésia,Minas Gerais,BR,2026-08-08 13:11,,PEDIDO_0116
Concluído,N,,,Shopee Xpress CPF,Postagem,2026-07-31 23:59,2026-07-31 17:37,2026-07-31 12:04,2026-07-31 12:04,Anel Cobra Olho Preto Unissex Banhado a Prata 925 Regulável Antialérgico Zirconias Elegante Tendência Presente,,49.9,49.9,1,0,49.9,0.0,0.0,0.0,0.0,0.12,1,0.12,0.0,0.0,0.0,0.0,0.0,N,0.0,0.0,0,0.0,61.94,12.04,0.0,0.0,0.0,0.0,8.98,8.98,5.0,5.0,61.94,12.04,,Ituiutaba,Minas Gerais,BR,2026-08-04 20:18,,PEDIDO_0117
Concluído,N,,,Shopee Xpress CPF,Postagem,2026-08-03 23:59,2026-08-01 15:58,2026-08-01 12:47,2026-08-01 12:48,Anel Cobra Olho Preto Unissex Banhado a Prata 925 Regulável Antialérgico Zirconias Elegante Tendência Presente,,49.9,49.9,1,0,49.9,0.0,0.0,0.0,0.0,0.12,1,0.12,0.0,0.0,0.0,0.0,0.0,N,0.0,0.0,0,0.0,49.9,0.0,0.0,9.62,0.0,0.0,8.98,8.98,5.0,5.0,55.41,9.62,,Sapucaia do Sul,Rio Grande do Sul,BR,2026-08-12 15:17,,PEDIDO_0118
Concluído,N,,,Shopee Xpress CPF,Postagem,2026-08-04 23:59,2026-08-03 20:06,2026-08-03 15:10,2026-08-03 15:11,Anel Cobra Olho Preto Unissex Banhado a Prata 925 Regulável Antialérgico Zirconias Elegante Tendência Presente,,49.9,49.9,1,0,49.9,0.0,0.0,0.0,2.5,0.12,1,0.12,0.0,0.0,2.5,0.0,0.0,N,0.0,0.0,33,0.0,61.94,12.04,0.0,0.0,0.0,0.0,8.98,7.25,5.0,4.23,59.11,12.04,,Formiga,Minas Gerais,BR,2026-08-08 09:44,,PEDIDO_0119
Concluído,N,,,Shopee Xpress CPF,Postagem,2026-08-06 23:59,2026-08-06 17:26,2026-08-05 22:43,2026-08-05 22:44,Anel Cobra Olho Preto Unissex Banhado a Prata 925 Regulável Antialérgico Zirconias Elegante Tendência Presente,,49.9,49.9,1,0,49.9,0.0,0.0,0.0,0.0,0.12,1,0.12,0.0,0.0,0.0,0.0,0.0,N,0.0,0.0,0,0.0,49.9,0.0,0.0,9.62,0.0,0.0,8.98,8.98,5.0,5.0,49.9,9.62,,Londrina,Paraná,BR,2026-08-08 23:27,,PEDIDO_0120
Concluído,N,,,Shopee Xpress CPF,Postagem,2026-08-10 23:59,2026-08-10 14:52,2026-08-08 20:11,2026-08-08 20:12,Anel Cobra Olho Preto Unissex Banhado a Prata 925 Regulável Antialérgico Zirconias Elegante Tendência Presente,,49.9,49.9,1,0,49.9,0.0,0.0,0.0,0.0,0.12,1,0.12,0.0,0.0,0.0,0.0,0.0,N,0.0,0.0,0,0.0,49.9,0.0,0.0,9.62,0.0,0.0,8.98,8.98,5.0,5.0,49.9,9.62,,Novais,São Paulo,BR,2026-08-12 15:04,,PEDIDO_0121
Concluído,N,,,Shopee Xpress CPF,Postagem,2026-08-11 23:59,2026-08-10 14:51,2026-08-09 21:06,2026-08-09 21:07,Anel Cobra Olho Preto Unissex Banhado a Prata 925 Regulável Antialérgico Zirconias Elegante Tendência Presente,,49.9,49.9,1,0,49.9,0.0,0.0,0.0,0.0,0.12,1,0.12,0.0,0.0,0.0,0.0,0.0,N,0.0,0.0,0,0.0,49.9,0.0,0.0,9.62,0.0,0.0,8.98,8.98,5.0,5.0,54.79,9.62,,Brasília,Distrito Federal,BR,2026-08-13 20:59,,PEDIDO_0122
Cancelado,N,Cancelado pelo comprador. Motivo : Outros,,Retirada pelo Comprador,,2026-08-11 23:59,,2026-08-10 00:04,2026-08-10 00:07,Anel Cobra Olho Preto Unissex Banhado a Prata 925 Regulável Antialérgico Zirconias Elegante Tendência Presente,,49.9,49.9,1,0,49.9,0.0,0.0,0.0,0.0,0.12,1,0.12,0.0,0.0,0.0,0.0,0.0,N,0.0,0.0,0,0.0,0.0,0.0,0.0,0.0,0.0,0.0,0.0,0.0,0.0,0.0,0.0,10.6,,Hidrolândia,Goiás,BR,,,PEDIDO_0123
Concluído,N,,,Shopee Xpress CPF,Postagem,2026-08-13 23:59,2026-08-13 18:01,2026-08-13 10:14,2026-08-13 10:15,Anel Cobra Olho Preto Unissex Banhado a Prata 925 Regulável Antialérgico Zirconias Elegante Tendência Presente,,49.9,49.9,1,0,49.9,0.0,0.0,0.0,0.0,0.12,1,0.12,0.0,0.0,0.0,0.0,0.0,N,0.0,0.0,0,0.0,49.9,0.0,0.0,12.04,0.0,0.0,8.98,8.98,5.0,5.0,49.9,12.04,,Ibatiba,Espírito Santo,BR,2026-08-18 17:55,,PEDIDO_0124
Concluído,N,,,Shopee Xpress CPF,Postagem,2026-08-14 23:59,2026-08-14 17:17,2026-08-14 10:21,2026-08-14 10:24,Anel Cobra Olho Preto Unissex Banhado a Prata 925 Regulável Antialérgico Zirconias Elegante Tendência Presente,,49.9,49.9,1,0,49.9,0.0,0.0,0.0,0.0,0.12,1,0.12,0.0,0.0,0.0,0.0,0.0,N,0.0,0.0,48,0.0,49.9,0.0,0.0,12.04,0.0,0.0,8.98,8.98,5.0,5.0,54.27,12.04,,Montes Claros,Minas Gerais,BR,2026-08-17 11:49,,PEDIDO_0125
Cancelado,N,Cancelado automaticamente pelo sistema da Shopee. Motivo : Pedido não pago,,Shopee Xpress CPF,,,,2026-08-15 17:08,-,Anel Cobra Olho Preto Unissex Banhado a Prata 925 Regulável Antialérgico Zirconias Elegante Tendência Presente,,49.9,49.9,1,0,49.9,0.0,0.0,0.0,0.0,0.12,1,0.12,0.0,0.0,0.0,0.0,0.0,N,0.0,0.0,0,0.0,0.0,0.0,0.0,0.0,0.0,0.0,0.0,0.0,0.0,0.0,0.0,12.04,,Campo Grande,Mato Grosso do Sul,BR,,,PEDIDO_0126
Entregue,N,,,Shopee Xpress CPF,Postagem,2026-08-20 23:59,2026-08-20 18:18,2026-08-19 17:48,2026-08-19 17:48,Anel Cobra Olho Preto Unissex Banhado a Prata 925 Regulável Antialérgico Zirconias Elegante Tendência Presente,,49.9,49.9,1,0,49.9,0.0,0.0,0.0,0.0,0.12,1,0.12,0.0,0.0,0.0,0.0,0.0,N,0.0,0.0,0,0.0,58.96,9.06,0.0,9.05,0.0,0.0,8.98,8.98,5.0,5.0,58.96,18.11,,Rio Verde,Goiás,BR,,,PEDIDO_0127
O comprador pode pedir uma devolução até 2026-08-31,N,,,Shopee Xpress CPF,Postagem,2026-08-20 23:59,2026-08-20 18:17,2026-08-20 09:15,2026-08-20 09:16,Anel Cobra Olho Preto Unissex Banhado a Prata 925 Regulável Antialérgico Zirconias Elegante Tendência Presente,,49.9,49.9,1,0,49.9,0.0,0.0,0.0,0.0,0.12,1,0.12,0.0,0.0,0.0,0.0,0.0,N,0.0,0.0,35,0.0,49.9,0.0,0.0,9.62,0.0,0.0,8.98,8.98,5.0,5.0,49.55,9.62,,Brasília,Distrito Federal,BR,2026-08-25 08:31,,PEDIDO_0128
Cancelado,N,Cancelado pelo comprador. Motivo : É necessário modificar o pedido,,Shopee Xpress CPF,,,,2026-08-21 22:16,-,Anel Cobra Olho Preto Unissex Banhado a Prata 925 Regulável Antialérgico Zirconias Elegante Tendência Presente,,49.9,49.9,1,0,49.9,0.0,0.0,0.0,0.0,0.12,1,0.12,0.0,0.0,0.0,0.0,0.0,N,0.0,0.0,32,0.0,0.0,0.0,0.0,0.0,0.0,0.0,0.0,0.0,0.0,0.0,0.0,13.25,,Aparecida de Goiânia,Goiás,BR,,,PEDIDO_0129
Entregue,N,,,Shopee Xpress CPF,Postagem,2026-08-25 23:59,2026-08-24 17:43,2026-08-23 11:51,2026-08-23 11:51,Anel Cobra Olho Preto Unissex Banhado a Prata 925 Regulável Antialérgico Zirconias Elegante Tendência Presente,,49.9,49.9,1,0,49.9,0.0,0.0,0.0,2.5,0.12,1,0.12,0.0,0.0,2.5,0.0,0.0,N,0.0,0.0,76,0.0,60.73,10.83,0.0,0.0,0.0,0.0,8.98,7.25,5.0,4.23,57.47,10.83,,Lauro de Freitas,Bahia,BR,,,PEDIDO_0130
Enviado,N,,,Shopee Xpress CPF,Postagem,2026-08-28 23:59,2026-08-28 19:23,2026-08-28 10:33,2026-08-28 10:34,Anel Cobra Olho Preto Unissex Banhado a Prata 925 Regulável Antialérgico Zirconias Elegante Tendência Presente,,49.9,49.9,1,0,49.9,0.0,0.0,0.0,0.0,0.12,1,0.12,0.0,0.0,0.0,0.0,0.0,N,0.0,0.0,0,0.0,49.9,0.0,0.0,9.62,0.0,0.0,8.98,8.98,5.0,5.0,49.9,9.62,,Ubirajara,São Paulo,BR,,,PEDIDO_0131
O comprador pode pedir uma devolução até 2026-09-10,N,,,Shopee Xpress CPF,Postagem,2026-09-01 23:59,2026-09-01 18:26,2026-08-31 17:41,2026-08-31 17:41,Anel Cobra Olho Preto Unissex Banhado a Prata 925 Regulável Antialérgico Zirconias Elegante Tendência Presente,,49.9,49.9,1,0,49.9,0.0,0.0,0.0,0.0,0.12,1,0.12,0.0,0.0,0.0,0.0,0.0,N,0.0,0.0,0,0.0,49.9,0.0,0.0,7.18,0.0,0.0,8.98,8.98,5.0,5.0,49.9,7.18,,São Paulo,São Paulo,BR,2026-09-03 23:18,,PEDIDO_0132
O comprador pode pedir uma devolução até 2026-09-10,N,,,Shopee Xpress CPF,Postagem,2026-09-01 23:59,2026-09-01 18:26,2026-09-01 00:43,2026-09-01 00:43,Anel Cobra Olho Preto Unissex Banhado a Prata 925 Regulável Antialérgico Zirconias Elegante Tendência Presente,,49.9,49.9,1,0,49.9,0.0,0.0,0.0,0.0,0.12,1,0.12,0.0,0.0,0.0,0.0,0.0,N,0.0,0.0,0,0.0,49.9,0.0,0.0,9.62,0.0,0.0,8.98,8.98,5.0,5.0,49.9,9.62,,Sorocaba,São Paulo,BR,2026-09-03 17:39,,PEDIDO_0133
Entregue,N,,,Shopee Xpress CPF,Postagem,2026-09-01 23:59,2026-09-01 18:26,2026-09-01 10:26,2026-09-01 10:27,Anel Cobra Olho Preto Unissex Banhado a Prata 925 Regulável Antialérgico Zirconias Elegante Tendência Presente,,49.9,49.9,1,0,49.9,0.0,0.0,0.0,0.0,0.12,1,0.12,0.0,0.0,0.0,0.0,0.0,N,0.0,0.0,0,0.0,49.9,0.0,0.0,7.18,0.0,0.0,8.98,8.98,5.0,5.0,49.9,7.18,,Osasco,São Paulo,BR,,,PEDIDO_0134
O comprador pode pedir uma devolução até 2026-09-10,N,,,Shopee Xpress CPF,Postagem,2026-09-02 23:59,2026-09-01 18:26,2026-09-01 14:36,2026-09-01 14:37,Anel Cobra Olho Preto Unissex Banhado a Prata 925 Regulável Antialérgico Zirconias Elegante Tendência Presente,,49.9,49.9,1,0,49.9,0.0,0.0,0.0,0.0,0.12,1,0.12,0.0,0.0,0.0,0.0,0.0,N,0.0,0.0,0,0.0,49.9,0.0,0.0,10.83,0.0,0.0,8.98,8.98,5.0,5.0,49.9,10.83,,Navegantes,Santa Catarina,BR,2026-09-03 15:55,,PEDIDO_0135
Enviado,N,,,Shopee Xpress CPF,Postagem,2026-09-04 23:59,2026-09-04 18:47,2026-09-04 11:07,2026-09-04 11:07,Anel Cobra Olho Preto Unissex Banhado a Prata 925 Regulável Antialérgico Zirconias Elegante Tendência Presente,,49.9,49.9,1,0,49.9,0.0,0.0,0.0,0.0,0.12,1,0.12,0.0,0.0,0.0,0.0,0.0,N,0.0,0.0,0,0.0,49.9,0.0,0.0,18.11,0.0,0.0,8.98,8.98,5.0,5.0,49.9,18.11,,Bonito,Mato Grosso do Sul,BR,,,PEDIDO_0136
Enviado,N,,,Shopee Xpress CPF,Postagem,2026-09-09 23:59,2026-09-08 18:29,2026-09-06 19:48,2026-09-06 19:48,Anel Cobra Olho Preto Unissex Banhado a Prata 925 Regulável Antialérgico Zirconias Elegante Tendência Presente,,49.9,49.9,1,0,49.9,0.0,0.0,0.0,0.0,0.12,1,0.12,0.0,0.0,0.0,0.0,0.0,N,0.0,0.0,0,0.0,49.9,0.0,0.0,8.39,0.0,0.0,8.98,8.98,5.0,5.0,49.9,8.39,,Rio de Janeiro,Rio de Janeiro,BR,,,PEDIDO_0137
