data_criacao,status_pedido,status_devolucao_reembolso,hora_pagamento,nome_produto,quantidade,quantidade_devolvida,preco_original,preco_acordado,subtotal_produto,valor_total,desconto_vendedor,cupom_vendedor,desconto_shopee,taxa_transacao,taxa_comissao_bruta,taxa_comissao_liquida,taxa_servico_bruta,taxa_servico_liquida,taxa_envio_comprador,taxa_envio_reversa,total_global,frete_estimado,uf,cidade,mes
2026-02-16 19:35:00,Concluído,Sem Devolução,2026-02-16 19:36,Anel Cobra Ajustável Unissex Prata 925 Luxo Brilhante Promoção,1,0,38.9,38.9,38.9,41.94,0.0,0.0,0.0,0.0,4.67,4.67,4.78,4.78,3.04,0.0,41.94,23.04,Rio de Janeiro,Rio de Janeiro,2026-02
2026-02-18 13:45:00,Concluído,Sem Devolução,2026-02-18 13:45,Anel Cobra Ajustável Unissex Prata 925 Luxo Brilhante Promoção,1,0,38.9,38.9,38.9,41.94,0.0,0.0,0.0,0.0,4.67,4.67,4.78,4.78,3.04,0.0,41.94,23.04,Paraná,Curitiba,2026-02
2026-02-19 13:32:00,Concluído,Sem Devolução,2026-02-19 13:33,Anel Cobra Ajustável Unissex Prata 925 Luxo Brilhante Promoção,1,0,47.9,47.9,47.9,47.9,0.0,0.0,0.0,0.0,5.75,5.75,4.96,4.96,0.0,0.0,47.9,11.95,São Paulo,Guarulhos,2026-02
2026-02-25 19:03:00,Concluído,Sem Devolução,2026-02-25 19:03,Anel Cobra Ajustável Unissex Prata 925 Luxo Brilhante Promoção,1,0,57.9,57.9,57.9,57.9,0.0,0.0,0.0,0.0,6.95,6.95,5.16,5.16,0.0,0.0,57.9,7.18,São Paulo,São Paulo,2026-02
2026-03-01 14:36:00,Concluído,Sem Devolução,2026-03-01 14:36,Anel Cobra Olho Preto Feminino Prata 925 Regulável Antialérgico Com Zirconias Brilhante Elegante Tendência Presente,1,0,57.9,57.9,57.9,57.9,0.0,0.0,0.0,0.0,10.42,10.42,5.16,5.16,0.0,0.0,57.9,18.11,Goiás,Itumbiara,2026-03
2026-03-06 13:18:00,Concluído,Sem Devolução,2026-03-06 13:18,Colar Feminino Prata Delicado com Pedras Azuis | Semi Joia 50 Milésimos,1,0,59.88,47.91,47.91,57.53,11.97,0.0,0.0,0.0,8.62,8.62,4.96,4.96,9.62,0.0,56.07,9.62,São Paulo,Rio Claro,2026-03
2026-03-08 22:31:00,Concluído,Sem Devolução,2026-03-08 22:31,Anel Cobra Olho Preto Unissex Prata 925 Regulável Antialérgico Zirconias Elegante Tendência Presente,1,0,57.9,57.9,57.9,69.94,0.0,0.0,0.0,0.0,10.42,10.42,5.16,5.16,12.04,0.0,69.87,12.04,Minas Gerais,Patos de Minas,2026-03
2026-03-12 01:04:00,Concluído,Sem Devolução,2026-03-12 01:05,Anel Cobra Olho Preto Unissex Prata 925 Regulável Antialérgico Zirconias Elegante Tendência Presente,1,0,65.9,65.9,65.9,65.9,0.0,0.0,0.0,0.0,11.86,11.86,5.32,5.32,0.0,0.0,71.27,18.11,Bahia,Entre Rios,2026-03
2026-03-12 21:23:00,Concluído,Sem Devolução,2026-03-12 21:23,Anel Cobra Olho Preto Unissex Prata 925 Regulável Antialérgico Zirconias Elegante Tendência Presente,1,0,65.9,65.9,65.9,65.9,0.0,0.0,0.0,0.0,11.86,11.86,5.32,5.32,0.0,0.0,72.36,9.62,Rio Grande do Sul,Porto Alegre,2026-03
2026-03-12 22:37:00,Concluído,Sem Devolução,2026-03-12 22:39,Anel Cobra Olho Preto Unissex Prata 925 Regulável Antialérgico Zirconias Elegante Tendência Presente,1,0,65.9,65.9,65.9,65.9,0.0,0.0,0.0,0.0,11.86,11.86,5.32,5.32,0.0,0.0,65.9,9.62,Distrito Federal,Brasília,2026-03
2026-03-13 08:52:00,Concluído,Sem Devolução,2026-03-13 08:54,Anel Cobra Olho Preto Unissex Prata 925 Regulável Antialérgico Zirconias Elegante Tendência Presente,1,0,65.9,65.9,65.9,65.9,0.0,0.0,0.0,0.0,11.86,11.86,5.32,5.32,0.0,0.0,65.9,10.83,Santa Catarina,Chapecó,2026-03
2026-03-18 19:47:00,Concluído,Sem Devolução,2026-03-18 19:47,Anel Cobra Olho Preto Unissex Prata 925 Regulável Antialérgico Zirconias Elegante Tendência Presente,1,0,65.9,65.9,65.9,70.71,0.0,0.0,0.0,0.0,11.86,11.86,5.32,5.32,4.81,0.0,70.71,9.62,Rio Grande do Sul,Porto Alegre,2026-03
2026-03-26 11:11:00,Concluído,Sem Devolução,2026-03-26 11:11,Anel Cobra Olho Preto Unissex Prata 925 Regulável Antialérgico Zirconias Elegante Tendência Presente,1,0,65.9,65.9,65.9,70.71,0.0,0.0,0.0,0.0,11.86,11.86,5.32,5.32,4.81,0.0,70.42,9.62,Paraná,Curitiba,2026-03
2026-03-27 10:47:00,Concluído,Sem Devolução,2026-03-27 10:49,Anel Cobra Olho Preto Unissex Prata 925 Regulável Antialérgico Zirconias Elegante Tendência Presente,1,0,65.9,65.9,65.9,65.9,0.0,0.0,0.0,0.0,11.86,11.86,5.32,5.32,0.0,0.0,45.9,9.62,São Paulo,Praia Grande,2026-03
2026-03-28 14:26:00,Concluído,Sem Devolução,2026-03-28 14:26,Anel Cobra Olho Preto Unissex Prata 925 Regulável Antialérgico Zirconias Elegante Tendência Presente,1,0,65.9,65.9,65.9,69.77,0.0,0.0,0.0,0.0,11.86,11.86,5.32,5.32,3.87,0.0,69.67,23.87,Ceará,Ubajara,2026-03
2026-03-30 17:14:00,Concluído,Sem Devolução,2026-03-30 17:15,Anel Cobra Olho Preto Unissex Prata 925 Regulável Antialérgico Zirconias Elegante Tendência Presente,1,0,65.9,65.9,65.9,65.9,0.0,0.0,0.0,0.0,11.86,11.86,5.32,5.32,0.0,0.0,65.21,12.04,Minas Gerais,Juiz de Fora,2026-03
2026-04-02 00:41:00,Concluído,Sem Devolução,2026-04-02 00:41,Anel Cobra Olho Preto Unissex Prata 925 Regulável Antialérgico Zirconias Elegante Tendência Presente,1,0,49.9,49.9,49.9,49.9,0.0,0.0,0.0,0.0,8.98,8.98,5.0,5.0,0.0,0.0,38.01,9.62,Santa Catarina,Palhoça,2026-04
2026-04-04 18:41:00,Concluído,Sem Devolução,2026-04-04 18:42,Anel Cobra Olho Preto Unissex Prata 925 Regulável Antialérgico Zirconias Elegante Tendência Presente,1,0,49.9,49.9,49.9,49.9,0.0,0.0,0.0,0.0,8.98,8.98,5.0,5.0,0.0,0.0,49.85,10.83,Rio Grande do Sul,Getúlio Vargas,2026-04
2026-04-07 00:58:00,Concluído,Sem Devolução,2026-04-07 00:59,Anel Cobra Olho Preto Unissex Prata 925 Regulável Antialérgico Zirconias Elegante Tendência Presente,1,0,49.9,49.9,49.9,58.29,0.0,0.0,0.0,0.0,8.98,8.98,5.0,5.0,8.39,0.0,58.29,8.39,Minas Gerais,Belo Horizonte,2026-04
2026-04-07 20:55:00,Concluído,Sem Devolução,2026-04-07 20:57,Anel Cobra Olho Preto Unissex Prata 925 Regulável Antialérgico Zirconias Elegante Tendência Presente,1,0,49.9,49.9,49.9,49.9,0.0,0.0,0.0,0.0,8.98,8.98,5.0,5.0,0.0,0.0,49.9,7.18,São Paulo,São Paulo,2026-04
2026-04-08 22:59:00,Concluído,Sem Devolução,2026-04-08 23:02,Anel Cobra Olho Preto Unissex Prata 925 Regulável Antialérgico Zirconias Elegante Tendência Presente,1,0,49.9,49.9,49.9,49.9,0.0,0.0,0.0,0.0,8.98,8.98,5.0,5.0,0.0,0.0,49.9,9.62,Paraná,Borrazópolis,2026-04
2026-04-10 14:09:00,Concluído,Sem Devolução,2026-04-10 14:09,Anel Cobra Olho Preto Unissex Prata 925 Regulável Antialérgico Zirconias Elegante Tendência Presente,1,0,49.9,49.9,49.9,49.9,0.0,0.0,0.0,0.0,8.98,8.98,5.0,5.0,0.0,0.0,49.85,9.62,Paraná,Sertanópolis,2026-04
2026-04-10 18:10:00,Concluído,Sem Devolução,2026-04-10 18:11,Anel Cobra Olho Preto Unissex Prata 925 Regulável Antialérgico Zirconias Elegante Tendência Presente,1,0,49.9,49.9,49.9,49.9,0.0,0.0,0.0,0.0,8.98,8.98,5.0,5.0,0.0,0.0,49.9,7.18,São Paulo,Itaquaquecetuba,2026-04
2026-04-10 21:39:00,Concluído,Sem Devolução,2026-04-10 21:39,Anel Cobra Olho Preto Unissex Prata 925 Regulável Antialérgico Zirconias Elegante Tendência Presente,1,0,49.9,49.9,49.9,49.9,0.0,0.0,0.0,0.0,8.98,8.98,5.0,5.0,0.0,0.0,49.9,18.11,Goiás,Caldas Novas,2026-04
2026-04-10 21:44:00,Concluído,Sem Devolução,2026-04-10 21:45,Anel Cobra Olho Preto Unissex Prata 925 Regulável Antialérgico Zirconias Elegante Tendência Presente,1,0,49.9,49.9,49.9,49.9,0.0,0.0,0.0,0.0,8.98,8.98,5.0,5.0,0.0,0.0,49.15,12.04,Piauí,Teresina,2026-04
2026-04-11 10:38:00,Concluído,Sem Devolução,2026-04-11 10:38,Anel Cobra Olho Preto Unissex Prata 925 Regulável Antialérgico Zirconias Elegante Tendência Presente,1,0,49.9,49.9,49.9,49.9,0.0,0.0,0.0,0.0,8.98,8.98,5.0,5.0,0.0,0.0,49.9,12.04,Minas Gerais,Tocantins,2026-04
2026-04-13 11:03:00,Concluído,Sem Devolução,2026-04-13 11:03,Anel Cobra Olho Preto Unissex Prata 925 Regulável Antialérgico Zirconias Elegante Tendência Presente,1,0,49.9,49.9,49.9,49.9,0.0,0.0,0.0,0.0,8.98,8.98,5.0,5.0,0.0,0.0,49.9,10.83,Espírito Santo,Vitória,2026-04
2026-04-13 13:23:00,Concluído,Sem Devolução,2026-04-13 13:24,Anel Cobra Olho Preto Unissex Prata 925 Regulável Antialérgico Zirconias Elegante Tendência Presente,1,0,49.9,49.9,49.9,49.9,0.0,0.0,0.0,0.0,8.98,8.98,5.0,5.0,0.0,0.0,49.9,10.83,Bahia,Salvador,2026-04
2026-04-13 19:40:00,Concluído,Sem Devolução,2026-04-13 19:41,Anel Cobra Olho Preto Unissex Prata 925 Regulável Antialérgico Zirconias Elegante Tendência Presente,1,0,49.9,49.9,49.9,49.9,0.0,0.0,0.0,0.0,8.98,8.98,5.0,5.0,0.0,0.0,49.9,8.39,Rio de Janeiro,Duque de Caxias,2026-04
2026-04-15 02:21:00,Concluído,Sem Devolução,2026-04-15 02:21,Anel Cobra Olho Preto Unissex Prata 925 Regulável Antialérgico Zirconias Elegante Tendência Presente,1,0,49.9,49.9,49.9,49.9,0.0,0.0,0.0,0.0,8.98,8.98,5.0,5.0,0.0,0.0,41.74,9.62,São Paulo,Bertioga,2026-04
2026-04-15 13:59:00,Concluído,Sem Devolução,2026-04-15 13:59,Anel Cobra Olho Preto Unissex Prata 925 Regulável Antialérgico Zirconias Elegante Tendência Presente,1,0,49.9,49.9,49.9,49.9,0.0,0.0,0.0,0.0,8.98,8.98,5.0,5.0,0.0,0.0,49.9,9.62,São Paulo,Praia Grande,2026-04
2026-04-15 17:10:00,Concluído,Sem Devolução,2026-04-15 21:39,Anel Cobra Olho Preto Unissex Prata 925 Regulável Antialérgico Zirconias Elegante Tendência Presente,1,0,49.9,49.9,49.9,49.9,0.0,0.0,0.0,0.0,8.98,8.98,5.0,5.0,0.0,0.0,49.9,9.62,Paraná,Londrina,2026-04
2026-04-16 14:40:00,Concluído,Sem Devolução,2026-04-16 14:43,Anel Cobra Olho Preto Unissex Prata 925 Regulável Antialérgico Zirconias Elegante Tendência Presente,1,0,49.9,49.9,49.9,49.9,0.0,0.0,0.0,0.0,8.98,8.98,5.0,5.0,0.0,0.0,49.9,12.04,Minas Gerais,Montes Claros,2026-04
2026-04-16 17:03:00,Concluído,Sem Devolução,2026-04-16 17:03,Anel Cobra Olho Preto Unissex Prata 925 Regulável Antialérgico Zirconias Elegante Tendência Presente,1,0,49.9,49.9,49.9,49.9,0.0,0.0,0.0,0.0,8.98,8.98,5.0,5.0,0.0,0.0,49.9,18.11,Bahia,São José da Vitória,2026-04
2026-04-18 11:09:00,Concluído,Sem Devolução,2026-04-18 11:09,Conjunto Norelle Colar Brincos Prata 925 Ponto de Luz Zircônia Unissex Elegante Presente Luxo Brilho,1,0,62.9,62.9,62.9,62.9,0.0,0.0,0.0,0.0,11.32,11.32,5.26,5.26,0.0,0.0,62.9,9.62,São Paulo,Tabatinga,2026-04
2026-04-25 00:50:00,Concluído,Sem Devolução,2026-04-25 00:50,Anel Cobra Olho Preto Unissex Prata 925 Regulável Antialérgico Zirconias Elegante Tendência Presente,1,0,49.9,49.9,49.9,49.9,0.0,0.0,0.0,0.0,8.98,8.98,5.0,5.0,0.0,0.0,49.9,16.91,Pernambuco,São João,2026-04
2026-04-25 13:47:00,Concluído,Sem Devolução,2026-04-25 13:47,Anel Cobra Olho Preto Unissex Prata 925 Regulável Antialérgico Zirconias Elegante Tendência Presente,1,0,49.9,49.9,49.9,49.9,0.0,2.5,0.0,0.0,8.53,8.53,4.95,4.95,0.0,0.0,47.4,10.83,Santa Catarina,São Miguel do Oeste,2026-04
2026-04-25 16:12:00,Concluído,Sem Devolução,2026-04-25 16:12,Anel Cobra Olho Preto Unissex Prata 925 Regulável Antialérgico Zirconias Elegante Tendência Presente,1,0,49.9,49.9,49.9,57.08,0.0,2.5,0.0,0.0,8.53,8.53,4.95,4.95,7.18,0.0,54.54,7.18,São Paulo,São Paulo,2026-04
2026-04-26 10:47:00,Concluído,Sem Devolução,2026-04-26 10:47,Anel Cobra Olho Preto Unissex Prata 925 Regulável Antialérgico Zirconias Elegante Tendência Presente,1,0,49.9,49.9,49.9,49.9,0.0,2.5,0.0,0.0,8.53,8.53,4.95,4.95,0.0,0.0,55.19,12.04,Minas Gerais,Paraopeba,2026-04
2026-04-26 13:36:00,Concluído,Sem Devolução,2026-04-26 13:36,Anel Cobra Olho Preto Unissex Prata 925 Regulável Antialérgico Zirconias Elegante Tendência Presente,1,0,49.9,49.9,49.9,57.08,0.0,2.5,0.0,0.0,8.53,8.53,4.95,4.95,7.18,0.0,54.58,7.18,São Paulo,São Paulo,2026-04
2026-04-27 17:41:00,Concluído,Sem Devolução,2026-04-27 17:42,Anel Cobra Olho Preto Unissex Prata 925 Regulável Antialérgico Zirconias Elegante Tendência Presente,1,0,49.9,49.9,49.9,49.9,0.0,2.5,0.0,0.0,8.53,8.53,4.95,4.95,0.0,0.0,47.4,7.18,São Paulo,Suzano,2026-04
2026-04-27 22:56:00,Concluído,Sem Devolução,2026-04-27 22:57,Anel Cobra Olho Preto Unissex Prata 925 Regulável Antialérgico Zirconias Elegante Tendência Presente,1,0,49.9,49.9,49.9,54.71,0.0,2.5,0.0,0.0,8.53,8.53,4.95,4.95,4.81,0.0,52.21,9.62,São Paulo,Tatuí,2026-04
2026-04-28 08:18:00,Concluído,Sem Devolução,2026-04-28 08:18,Anel Cobra Olho Preto Unissex Prata 925 Regulável Antialérgico Zirconias Elegante Tendência Presente,1,0,49.9,49.9,49.9,49.9,0.0,2.5,0.0,0.0,8.53,8.53,4.95,4.95,0.0,0.0,43.9,9.62,São Paulo,Praia Grande,2026-04
2026-04-28 21:20:00,Concluído,Sem Devolução,2026-04-28 21:22,Anel Cobra Olho Preto Unissex Prata 925 Regulável Antialérgico Zirconias Elegante Tendência Presente,1,0,49.9,49.9,49.9,49.9,0.0,2.5,0.0,0.0,8.53,8.53,4.95,4.95,0.0,0.0,47.4,9.62,São Paulo,Borborema,2026-04
2026-04-29 10:50:00,Concluído,Sem Devolução,2026-04-29 10:51,Anel Cobra Olho Preto Unissex Prata 925 Regulável Antialérgico Zirconias Elegante Tendência Presente,1,0,49.9,49.9,49.9,49.9,0.0,0.0,0.0,0.0,8.98,8.98,5.0,5.0,0.0,0.0,41.98,7.18,São Paulo,São Paulo,2026-04
2026-04-29 11:49:00,Concluído,Sem Devolução,2026-04-29 11:49,Anel Cobra Olho Preto Unissex Prata 925 Regulável Antialérgico Zirconias Elegante Tendência Presente,1,0,49.9,49.9,49.9,49.9,0.0,0.0,0.0,0.0,8.98,8.98,5.0,5.0,0.0,0.0,41.81,18.11,Goiás,Mineiros,2026-04
2026-04-30 22:16:00,Concluído,Sem Devolução,2026-05-06 07:40,Anel Cobra Olho Preto Unissex Prata 925 Regulável Antialérgico Zirconias Elegante Tendência Presente,1,0,49.9,49.9,49.9,49.9,0.0,2.5,0.0,0.0,8.53,8.53,4.95,4.95,0.0,0.0,33.18,12.04,Piauí,Teresina,2026-04
2026-05-01 00:36:00,Concluído,Sem Devolução,2026-05-01 00:37,Conjunto Norelle Colar Brincos Prata 925 Ponto de Luz Zircônia Unissex Elegante Presente Luxo Brilho,1,0,60.9,60.9,60.9,60.9,0.0,0.0,0.0,0.0,10.96,10.96,5.22,5.22,0.0,0.0,60.9,7.18,São Paulo,Embu das Artes,2026-05
2026-05-01 14:43:00,Concluído,Sem Devolução,2026-05-01 14:44,Anel Cobra Olho Preto Unissex Prata 925 Regulável Antialérgico Zirconias Elegante Tendência Presente,1,0,49.9,49.9,49.9,49.9,0.0,2.5,0.0,0.0,8.53,8.53,4.95,4.95,0.0,0.0,47.4,9.62,São Paulo,Bauru,2026-05
2026-05-02 09:49:00,Concluído,Sem Devolução,2026-05-02 09:49,Anel Cobra Olho Preto Unissex Prata 925 Regulável Antialérgico Zirconias Elegante Tendência Presente,1,0,49.9,49.9,49.9,49.9,0.0,0.0,0.0,0.0,8.98,8.98,5.0,5.0,0.0,0.0,49.46,16.91,Pernambuco,Gravatá,2026-05
2026-05-03 00:16:00,Concluído,Sem Devolução,2026-05-03 00:16,Anel Cobra Olho Preto Unissex Prata 925 Regulável Antialérgico Zirconias Elegante Tendência Presente,1,0,49.9,49.9,49.9,49.9,0.0,0.0,0.0,0.0,8.98,8.98,5.0,5.0,0.0,0.0,49.9,10.83,Rio Grande do Sul,Caxias do Sul,2026-05
2026-05-03 14:49:00,Concluído,Sem Devolução,2026-05-03 14:56,Anel Cobra Olho Preto Unissex Prata 925 Regulável Antialérgico Zirconias Elegante Tendência Presente,1,0,49.9,49.9,49.9,49.9,0.0,0.0,0.0,0.0,8.98,8.98,5.0,5.0,0.0,0.0,49.9,9.62,São Paulo,Macatuba,2026-05
2026-05-03 22:14:00,Concluído,Sem Devolução,2026-05-03 22:14,Anel Cobra Olho Preto Unissex Prata 925 Regulável Antialérgico Zirconias Elegante Tendência Presente,1,0,49.9,49.9,49.9,49.9,0.0,0.0,0.0,0.0,8.98,8.98,5.0,5.0,0.0,0.0,49.9,12.04,Minas Gerais,Sete Lagoas,2026-05
2026-05-05 08:25:00,Concluído,Sem Devolução,2026-05-05 08:26,Anel Cobra Olho Preto Unissex Prata 925 Regulável Antialérgico Zirconias Elegante Tendência Presente,1,0,49.9,49.9,49.9,49.9,0.0,0.0,0.0,0.0,8.98,8.98,5.0,5.0,0.0,0.0,49.89,13.25,Mato Grosso,Cuiabá,2026-05
2026-05-06 03:17:00,Concluído,Sem Devolução,2026-05-06 03:17,Anel Cobra Olho Preto Unissex Prata 925 Regulável Antialérgico Zirconias Elegante Tendência Presente,1,0,49.9,49.9,49.9,49.9,0.0,0.0,0.0,0.0,8.98,8.98,5.0,5.0,0.0,0.0,49.9,16.91,Acre,Rio Branco,2026-05
2026-05-17 16:55:00,Concluído,Sem Devolução,2026-05-17 16:56,Trio Essenza Brincos Prata 925 Argola e Ponto de Luz Zircônias Verde Unissex Elegante  Presente Luxo,1,0,49.9,49.9,49.9,49.9,0.0,3.0,0.0,0.0,8.44,8.44,4.94,4.94,0.0,0.0,46.9,8.39,Rio de Janeiro,Rio de Janeiro,2026-05
2026-05-22 06:59:00,Concluído,Sem Devolução,2026-05-22 07:00,Trio Essenza Brincos Prata 925 Argola e Ponto de Luz Zircônias Verde Unissex Elegante  Presente Luxo,1,0,49.9,49.9,49.9,49.9,0.0,3.0,0.0,0.0,8.44,8.44,4.94,4.94,0.0,0.0,46.9,7.18,São Paulo,São Paulo,2026-05
2026-06-11 20:25:00,Concluído,Sem Devolução,2026-06-11 20:26,Anel Cobra Olho Preto Unissex Prata 925 Regulável Antialérgico Zirconias Elegante Tendência Presente,1,0,49.9,48.91,48.91,48.91,0.99,0.0,0.0,0.0,8.8,8.8,4.98,4.98,0.0,0.0,53.87,9.62,Distrito Federal,Brasília,2026-06
2026-06-14 15:16:00,Concluído,Sem Devolução,2026-06-14 15:19,Trio Essenza Brincos Prata 925 Argola e Ponto de Luz Zircônias Verde Unissex Elegante  Presente Luxo,1,0,49.9,48.91,48.91,48.91,0.99,0.0,0.0,0.0,8.8,8.8,4.98,4.98,0.0,0.0,48.91,8.39,Rio de Janeiro,São João de Meriti,2026-06
2026-06-15 10:32:00,Concluído,Sem Devolução,2026-06-15 10:33,Anel Cobra Olho Preto Unissex Prata 925 Regulável Antialérgico Zirconias Elegante Tendência Presente,1,0,49.9,48.91,48.91,48.91,0.99,0.0,0.0,0.0,8.8,8.8,4.98,4.98,0.0,0.0,48.91,13.25,Mato Grosso,Cuiabá,2026-06
2026-06-16 00:09:00,Concluído,Sem Devolução,2026-06-16 00:09,Trio Essenza Brincos Prata 925 Argola e Ponto de Luz Zircônias Verde Unissex Elegante  Presente Luxo,1,0,49.9,48.91,48.91,48.91,0.99,0.0,0.0,0.0,8.8,0.23,4.98,1.08,0.0,0.0,36.44,9.62,Paraná,Ponta Grossa,2026-06
2026-06-17 12:51:00,Concluído,Sem Devolução,2026-06-17 12:52,Anel Cobra Olho Preto Unissex Prata 925 Regulável Antialérgico Zirconias Elegante Tendência Presente,1,0,49.9,48.91,48.91,48.91,0.99,0.0,0.0,0.0,8.8,8.8,4.98,4.98,0.0,0.0,48.91,12.04,Minas Gerais,São Gotardo,2026-06
2026-06-20 17:24:00,Concluído,Sem Devolução,2026-06-20 17:25,Anel Cobra Olho Preto Unissex Prata 925 Regulável Antialérgico Zirconias Elegante Tendência Presente,1,0,49.9,48.91,48.91,53.72,0.99,0.0,0.0,0.0,8.8,8.8,4.98,4.98,4.81,0.0,53.72,9.62,São Paulo,Marília,2026-06
2026-06-22 07:51:00,Concluído,Sem Devolução,2026-06-22 07:51,Anel Cobra Olho Preto Unissex Prata 925 Regulável Antialérgico Zirconias Elegante Tendência Presente,1,0,49.9,48.91,48.91,48.91,0.99,0.0,0.0,0.0,8.8,8.8,4.98,4.98,0.0,0.0,48.91,10.83,Rio Grande do Sul,Bom Princípio,2026-06
2026-06-22 21:01:00,Concluído,Sem Devolução,2026-06-22 21:05,Anel Cobra Olho Preto Unissex Prata 925 Regulável Antialérgico Zirconias Elegante Tendência Presente,1,0,49.9,49.9,49.9,49.9,0.0,0.0,0.0,0.0,8.98,8.98,5.0,5.0,0.0,0.0,49.9,14.48,Sergipe,Nossa Senhora do Socorro,2026-06
2026-06-27 16:45:00,Concluído,Sem Devolução,2026-06-27 16:45,Anel Cobra Olho Preto Unissex Prata 925 Regulável Antialérgico Zirconias Elegante Tendência Presente,1,0,49.9,46.9,46.9,46.9,3.0,0.0,0.0,0.0,8.44,8.44,4.94,4.94,0.0,0.0,47.31,9.62,Paraná,Maringá,2026-06
2026-06-28 01:42:00,Concluído,Sem Devolução,2026-06-28 01:43,Anel Cobra Olho Preto Unissex Prata 925 Regulável Antialérgico Zirconias Elegante Tendência Presente,1,0,49.9,49.9,49.9,49.9,0.0,0.0,0.0,0.0,8.98,8.98,5.0,5.0,0.0,0.0,49.9,8.39,Rio de Janeiro,Rio de Janeiro,2026-06
2026-06-29 17:46:00,Concluído,Sem Devolução,2026-06-29 17:47,Anel Cobra Olho Preto Unissex Prata 925 Regulável Antialérgico Zirconias Elegante Tendência Presente,1,0,49.9,49.9,49.9,49.9,0.0,0.0,0.0,0.0,8.98,8.98,5.0,5.0,0.0,0.0,49.9,9.62,Distrito Federal,Brasília,2026-06
2026-07-01 16:55:00,Concluído,Sem Devolução,2026-07-01 16:56,Anel Cobra Olho Preto Unissex Prata 925 Regulável Antialérgico Zirconias Elegante Tendência Presente,1,0,49.9,46.9,46.9,46.9,3.0,0.0,0.0,0.0,8.44,8.44,4.94,4.94,0.0,0.0,46.9,12.04,Minas Gerais,Uberlândia,2026-07
2026-07-03 01:39:00,Concluído,Sem Devolução,2026-07-03 01:40,Anel Cobra Olho Preto Unissex Prata 925 Regulável Antialérgico Zirconias Elegante Tendência Presente,1,0,49.9,49.9,49.9,54.1,0.0,0.0,0.0,0.0,8.98,2.1,5.0,1.94,4.2,0.0,44.16,8.39,Minas Gerais,Belo Horizonte,2026-07
2026-07-03 21:21:00,Concluído,Sem Devolução,2026-07-03 21:22,Anel Cobra Olho Preto Unissex Prata 925 Regulável Antialérgico Zirconias Elegante Tendência Presente,1,0,49.9,49.9,49.9,49.9,0.0,0.0,0.0,0.0,8.98,2.06,5.0,1.92,0.0,0.0,39.9,18.11,Goiás,Heitoraí,2026-07
2026-07-04 18:00:00,Concluído,Sem Devolução,2026-07-04 18:01,Anel Cobra Olho Preto Unissex Prata 925 Regulável Antialérgico Zirconias Elegante Tendência Presente,1,0,49.9,49.9,49.9,49.9,0.0,0.0,0.0,0.0,8.98,8.98,5.0,5.0,0.0,0.0,49.9,18.11,Paraíba,Aroeiras,2026-07
2026-07-06 13:59:00,Concluído,Sem Devolução,2026-07-06 14:00,Anel Cobra Olho Preto Unissex Prata 925 Regulável Antialérgico Zirconias Elegante Tendência Presente,1,0,49.9,49.9,49.9,63.15,0.0,0.0,0.0,0.0,8.98,7.25,5.0,4.23,13.25,0.0,60.65,13.25,Goiás,Goiânia,2026-07
2026-07-06 19:10:00,Concluído,Sem Devolução,2026-07-06 19:10,Anel Cobra Olho Preto Unissex Prata 925 Regulável Antialérgico Zirconias Elegante Tendência Presente,1,0,49.9,49.9,49.9,49.9,0.0,0.0,0.0,0.0,8.98,8.98,5.0,5.0,0.0,0.0,54.79,9.62,Paraná,Londrina,2026-07
2026-07-07 14:52:00,Concluído,Sem Devolução,2026-07-07 14:54,Anel Cobra Olho Preto Unissex Prata 925 Regulável Antialérgico Zirconias Elegante Tendência Presente,1,0,49.9,47.41,47.41,55.11,2.49,0.0,0.0,0.0,8.53,6.91,4.95,4.19,7.7,0.0,52.72,7.7,Paraná,Foz do Iguaçu,2026-07
2026-07-10 17:56:00,Concluído,Sem Devolução,2026-07-10 17:57,Anel Cobra Olho Preto Unissex Prata 925 Regulável Antialérgico Zirconias Elegante Tendência Presente,1,0,49.9,49.9,49.9,49.9,0.0,0.0,0.0,0.0,8.98,8.98,5.0,5.0,0.0,0.0,45.92,18.11,Paraíba,Aroeiras,2026-07
2026-07-11 17:54:00,Concluído,Sem Devolução,2026-07-11 17:55,Anel Cobra Olho Preto Unissex Prata 925 Regulável Antialérgico Zirconias Elegante Tendência Presente,1,0,49.9,49.9,49.9,59.52,0.0,0.0,0.0,0.0,8.98,8.98,5.0,5.0,9.62,0.0,59.52,9.62,São Paulo,Santa Rita do Passa Quatro,2026-07
2026-07-13 01:08:00,Concluído,Sem Devolução,2026-07-13 10:40,Anel Cobra Olho Preto Unissex Prata 925 Regulável Antialérgico Zirconias Elegante Tendência Presente,1,0,49.9,49.9,49.9,59.52,0.0,0.0,0.0,0.0,8.98,7.25,5.0,4.23,9.62,0.0,57.02,9.62,São Paulo,Praia Grande,2026-07
2026-07-13 15:40:00,Concluído,Sem Devolução,2026-07-13 15:42,Anel Cobra Olho Preto Unissex Prata 925 Regulável Antialérgico Zirconias Elegante Tendência Presente,1,0,49.9,49.9,49.9,49.9,0.0,0.0,0.0,0.0,8.98,8.98,5.0,5.0,0.0,0.0,49.9,9.62,São Paulo,Divinolândia,2026-07
2026-07-13 23:04:00,Concluído,Sem Devolução,2026-07-13 23:04,Anel Cobra Olho Preto Unissex Prata 925 Regulável Antialérgico Zirconias Elegante Tendência Presente,1,0,49.9,49.9,49.9,49.9,0.0,0.0,0.0,0.0,8.98,8.98,5.0,5.0,0.0,0.0,55.41,15.69,Alagoas,Maceió,2026-07
2026-07-19 18:24:00,Concluído,Sem Devolução,2026-07-19 18:24,Anel Cobra Olho Preto Unissex Prata 925 Regulável Antialérgico Zirconias Elegante Tendência Presente,1,0,49.9,49.9,49.9,61.94,0.0,0.0,0.0,0.0,8.98,8.98,5.0,5.0,12.04,0.0,69.31,12.04,Minas Gerais,Teófilo Otoni,2026-07
2026-07-21 10:08:00,Concluído,Sem Devolução,2026-07-21 10:13,Anel Cobra Olho Preto Unissex Prata 925 Regulável Antialérgico Zirconias Elegante Tendência Presente,1,0,49.9,49.9,49.9,49.9,0.0,0.0,0.0,0.0,8.98,8.98,5.0,5.0,0.0,0.0,49.9,13.25,Goiás,Goiânia,2026-07
2026-07-24 17:06:00,Concluído,Sem Devolução,2026-07-24 17:07,Anel Cobra Olho Preto Unissex Prata 925 Regulável Antialérgico Zirconias Elegante Tendência Presente,1,0,49.9,49.9,49.9,59.52,0.0,0.0,0.0,0.0,8.98,7.25,5.0,4.23,9.62,0.0,57.02,9.62,Santa Catarina,Palhoça,2026-07
2026-07-25 08:19:00,Concluído,Sem Devolução,2026-07-25 08:20,Anel Cobra Olho Preto Unissex Prata 925 Regulável Antialérgico Zirconias Elegante Tendência Presente,1,0,49.9,49.9,49.9,49.9,0.0,0.0,0.0,0.0,8.98,2.12,5.0,1.94,0.0,0.0,39.98,10.83,Rio Grande do Sul,Santo Augusto,2026-07
2026-07-25 08:57:00,Concluído,Solicitação aprovada,2026-07-25 08:58,Anel Cobra Olho Preto Unissex Prata 925 Regulável Antialérgico Zirconias Elegante Tendência Presente,1,1,49.9,49.9,49.9,0.0,0.0,0.0,0.0,0.0,0.0,0.0,0.0,0.0,0.0,0.0,0.0,9.62,Distrito Federal,Brasília,2026-07
2026-07-25 17:13:00,Concluído,Sem Devolução,2026-07-25 17:13,Anel Cobra Olho Preto Unissex Prata 925 Regulável Antialérgico Zirconias Elegante Tendência Presente,1,0,49.9,49.9,49.9,49.9,0.0,0.0,0.0,0.0,8.98,8.98,5.0,5.0,0.0,0.0,49.9,7.7,Rio Grande do Sul,Porto Alegre,2026-07
2026-07-26 15:11:00,Concluído,Sem Devolução,2026-07-26 15:12,Anel Cobra Olho Preto Unissex Prata 925 Regulável Antialérgico Zirconias Elegante Tendência Presente,1,0,49.9,49.9,49.9,49.9,0.0,0.0,0.0,0.0,8.98,8.98,5.0,5.0,0.0,0.0,49.9,18.11,Bahia,Riacho de Santana,2026-07
2026-07-28 17:06:00,Concluído,Sem Devolução,2026-07-28 17:13,Anel Cobra Olho Preto Unissex Prata 925 Regulável Antialérgico Zirconias Elegante Tendência Presente,1,0,49.9,49.9,49.9,49.9,0.0,0.0,0.0,0.0,8.98,8.98,5.0,5.0,0.0,0.0,49.9,6.71,Rio de Janeiro,Maricá,2026-07
2026-07-28 22:12:00,Concluído,Sem Devolução,2026-07-28 22:13,Anel Cobra Olho Preto Unissex Prata 925 Regulável Antialérgico Zirconias Elegante Tendência Presente,1,0,49.9,49.9,49.9,49.9,0.0,0.0,0.0,0.0,8.98,8.98,5.0,5.0,0.0,0.0,49.9,8.39,Rio de Janeiro,Rio de Janeiro,2026-07
2026-07-29 01:25:00,Concluído,Sem Devolução,2026-07-29 01:26,Anel Cobra Olho Preto Unissex Prata 925 Regulável Antialérgico Zirconias Elegante Tendência Presente,1,0,49.9,49.9,49.9,49.9,0.0,0.0,0.0,0.0,8.98,8.98,5.0,5.0,0.0,0.0,49.9,9.62,São Paulo,Sorocaba,2026-07
2026-07-29 15:50:00,Concluído,Sem Devolução,2026-07-29 15:50,Anel Cobra Olho Preto Unissex Prata 925 Regulável Antialérgico Zirconias Elegante Tendência Presente,1,0,49.9,49.9,49.9,74.97,0.0,0.0,0.0,0.0,8.98,8.98,5.0,5.0,25.07,0.0,86.03,25.07,Piauí,Parnaíba,2026-07
2026-07-29 22:16:00,Concluído,Sem Devolução,2026-07-29 22:32,Anel Cobra Olho Preto Unissex Prata 925 Regulável Antialérgico Zirconias Elegante Tendência Presente,1,0,49.9,49.9,49.9,49.9,0.0,0.0,0.0,0.0,8.98,8.98,5.0,5.0,0.0,0.0,49.9,12.04,Minas Gerais,Guaranésia,2026-07
2026-07-31 12:04:00,Concluído,Sem Devolução,2026-07-31 12:04,Anel Cobra Olho Preto Unissex Banhado a Prata 925 Regulável Antialérgico Zirconias Elegante Tendência Presente,1,0,49.9,49.9,49.9,61.94,0.0,0.0,0.0,0.0,8.98,8.98,5.0,5.0,12.04,0.0,61.94,12.04,Minas Gerais,Ituiutaba,2026-07
2026-08-01 12:47:00,Concluído,Sem Devolução,2026-08-01 12:48,Anel Cobra Olho Preto Unissex Banhado a Prata 925 Regulável Antialérgico Zirconias Elegante Tendência Presente,1,0,49.9,49.9,49.9,49.9,0.0,0.0,0.0,0.0,8.98,8.98,5.0,5.0,0.0,0.0,55.41,9.62,Rio Grande do Sul,Sapucaia do Sul,2026-08
2026-08-03 15:10:00,Concluído,Sem Devolução,2026-08-03 15:11,Anel Cobra Olho Preto Unissex Banhado a Prata 925 Regulável Antialérgico Zirconias Elegante Tendência Presente,1,0,49.9,49.9,49.9,61.94,0.0,0.0,0.0,0.0,8.98,7.25,5.0,4.23,12.04,0.0,59.11,12.04,Minas Gerais,Formiga,2026-08
2026-08-05 22:43:00,Concluído,Sem Devolução,2026-08-05 22:44,Anel Cobra Olho Preto Unissex Banhado a Prata 925 Regulável Antialérgico Zirconias Elegante Tendência Presente,1,0,49.9,49.9,49.9,49.9,0.0,0.0,0.0,0.0,8.98,8.98,5.0,5.0,0.0,0.0,49.9,9.62,Paraná,Londrina,2026-08
2026-08-08 20:11:00,Concluído,Sem Devolução,2026-08-08 20:12,Anel Cobra Olho Preto Unissex Banhado a Prata 925 Regulável Antialérgico Zirconias Elegante Tendência Presente,1,0,49.9,49.9,49.9,49.9,0.0,0.0,0.0,0.0,8.98,8.98,5.0,5.0,0.0,0.0,49.9,9.62,São Paulo,Novais,2026-08
2026-08-09 21:06:00,Concluído,Sem Devolução,2026-08-09 21:07,Anel Cobra Olho Preto Unissex Banhado a Prata 925 Regulável Antialérgico Zirconias Elegante Tendência Presente,1,0,49.9,49.9,49.9,49.9,0.0,0.0,0.0,0.0,8.98,8.98,5.0,5.0,0.0,0.0,54.79,9.62,Distrito Federal,Brasília,2026-08
2026-08-13 10:14:00,Concluído,Sem Devolução,2026-08-13 10:15,Anel Cobra Olho Preto Unissex Banhado a Prata 925 Regulável Antialérgico Zirconias Elegante Tendência Presente,1,0,49.9,49.9,49.9,49.9,0.0,0.0,0.0,0.0,8.98,8.98,5.0,5.0,0.0,0.0,49.9,12.04,Espírito Santo,Ibatiba,2026-08
2026-08-14 10:21:00,Concluído,Sem Devolução,2026-08-14 10:24,Anel Cobra Olho Preto Unissex Banhado a Prata 925 Regulável Antialérgico Zirconias Elegante Tendência Presente,1,0,49.9,49.9,49.9,49.9,0.0,0.0,0.0,0.0,8.98,8.98,5.0,5.0,0.0,0.0,54.27,12.04,Minas Gerais,Montes Claros,2026-08
2026-08-19 17:48:00,Entregue,Sem Devolução,2026-08-19 17:48,Anel Cobra Olho Preto Unissex Banhado a Prata 925 Regulável Antialérgico Zirconias Elegante Tendência Presente,1,0,49.9,49.9,49.9,58.96,0.0,0.0,0.0,0.0,8.98,8.98,5.0,5.0,9.06,0.0,58.96,18.11,Goiás,Rio Verde,2026-08
2026-08-20 09:15:00,O comprador pode pedir uma devolução até 2026-08-31,Sem Devolução,2026-08-20 09:16,Anel Cobra Olho Preto Unissex Banhado a Prata 925 Regulável Antialérgico Zirconias Elegante Tendência Presente,1,0,49.9,49.9,49.9,49.9,0.0,0.0,0.0,0.0,8.98,8.98,5.0,5.0,0.0,0.0,49.55,9.62,Distrito Federal,Brasília,2026-08
2026-08-23 11:51:00,Entregue,Sem Devolução,2026-08-23 11:51,Anel Cobra Olho Preto Unissex Banhado a Prata 925 Regulável Antialérgico Zirconias Elegante Tendência Presente,1,0,49.9,49.9,49.9,60.73,0.0,0.0,0.0,0.0,8.98,7.25,5.0,4.23,10.83,0.0,57.47,10.83,Bahia,Lauro de Freitas,2026-08
2026-08-28 10:33:00,Enviado,Sem Devolução,2026-08-28 10:34,Anel Cobra Olho Preto Unissex Banhado a Prata 925 Regulável Antialérgico Zirconias Elegante Tendência Presente,1,0,49.9,49.9,49.9,49.9,0.0,0.0,0.0,0.0,8.98,8.98,5.0,5.0,0.0,0.0,49.9,9.62,São Paulo,Ubirajara,2026-08
2026-08-31 17:41:00,O comprador pode pedir uma devolução até 2026-09-10,Sem Devolução,2026-08-31 17:41,Anel Cobra Olho Preto Unissex Banhado a Prata 925 Regulável Antialérgico Zirconias Elegante Tendência Presente,1,0,49.9,49.9,49.9,49.9,0.0,0.0,0.0,0.0,8.98,8.98,5.0,5.0,0.0,0.0,49.9,7.18,São Paulo,São Paulo,2026-08
2026-09-01 00:43:00,O comprador pode pedir uma devolução até 2026-09-10,Sem Devolução,2026-09-01 00:43,Anel Cobra Olho Preto Unissex Banhado a Prata 925 Regulável Antialérgico Zirconias Elegante Tendência Presente,1,0,49.9,49.9,49.9,49.9,0.0,0.0,0.0,0.0,8.98,8.98,5.0,5.0,0.0,0.0,49.9,9.62,São Paulo,Sorocaba,2026-09
2026-09-01 10:26:00,Entregue,Sem Devolução,2026-09-01 10:27,Anel Cobra Olho Preto Unissex Banhado a Prata 925 Regulável Antialérgico Zirconias Elegante Tendência Presente,1,0,49.9,49.9,49.9,49.9,0.0,0.0,0.0,0.0,8.98,8.98,5.0,5.0,0.0,0.0,49.9,7.18,São Paulo,Osasco,2026-09
2026-09-01 14:36:00,O comprador pode pedir uma devolução até 2026-09-10,Sem Devolução,2026-09-01 14:37,Anel Cobra Olho Preto Unissex Banhado a Prata 925 Regulável Antialérgico Zirconias Elegante Tendência Presente,1,0,49.9,49.9,49.9,49.9,0.0,0.0,0.0,0.0,8.98,8.98,5.0,5.0,0.0,0.0,49.9,10.83,Santa Catarina,Navegantes,2026-09
2026-09-04 11:07:00,Enviado,Sem Devolução,2026-09-04 11:07,Anel Cobra Olho Preto Unissex Banhado a Prata 925 Regulável Antialérgico Zirconias Elegante Tendência Presente,1,0,49.9,49.9,49.9,49.9,0.0,0.0,0.0,0.0,8.98,8.98,5.0,5.0,0.0,0.0,49.9,18.11,Mato Grosso do Sul,Bonito,2026-09
2026-09-06 19:48:00,Enviado,Sem Devolução,2026-09-06 19:48,Anel Cobra Olho Preto Unissex Banhado a Prata 925 Regulável Antialérgico Zirconias Elegante Tendência Presente,1,0,49.9,49.9,49.9,49.9,0.0,0.0,0.0,0.0,8.98,8.98,5.0,5.0,0.0,0.0,49.9,8.39,Rio de Janeiro,Rio de Janeiro,2026-09
